# Blender 3.6.9
# www.blender.org
mtllib flame_eyecrop_template.mtl
o mesh_rameen
v -0.022051 0.112248 0.022235
v -0.053805 0.106370 -0.002162
v -0.048773 0.081213 0.012253
v -0.018083 0.084350 0.030092
v -0.004267 -0.071150 0.016092
v -0.001347 -0.083183 0.021141
v 0.016394 -0.077618 0.025390
v 0.012905 -0.067195 0.020739
v -0.112644 0.036001 -0.082667
v -0.120480 0.038425 -0.101857
v -0.122626 -0.002011 -0.102049
v -0.112777 0.003204 -0.085642
v -0.083917 -0.081867 -0.024652
v -0.093057 -0.106931 -0.022792
v -0.076902 -0.108739 -0.007467
v -0.069733 -0.083444 -0.012105
v 0.091799 -0.039263 0.047641
v 0.090328 -0.031303 0.035718
v 0.074396 -0.046274 0.030909
v 0.075965 -0.054670 0.040126
v 0.054470 -0.056854 0.026472
v 0.058053 -0.065276 0.033162
v -0.082682 0.129929 -0.051439
v -0.105129 0.121657 -0.085736
v -0.096686 0.104400 -0.065580
v 0.118111 0.114005 0.065557
v 0.086109 0.113544 0.062945
v 0.093821 0.087454 0.064014
v 0.120843 0.087240 0.067306
v -0.112465 -0.028939 -0.083060
v -0.124268 -0.041080 -0.094594
v -0.120912 -0.075224 -0.072574
v -0.107831 -0.059069 -0.064460
v -0.094489 -0.077126 -0.038011
v -0.105416 -0.101159 -0.038323
v -0.114906 0.082149 -0.097864
v -0.107019 0.071739 -0.076378
v 0.103324 -0.024810 0.057824
v 0.100503 -0.018624 0.042759
v 0.110818 0.000066 0.052510
v 0.126922 -0.001088 0.077185
v 0.127430 0.015845 0.069529
v 0.113396 0.015353 0.054891
v 0.125186 0.055319 0.064907
v 0.105966 0.055858 0.057067
v 0.110254 0.040379 0.053976
v 0.126062 0.041208 0.064561
v 0.036883 -0.072547 0.029229
v 0.033468 -0.063224 0.024351
v 0.126212 -0.014003 0.089736
v 0.126246 -0.026767 0.101133
v -0.032900 -0.018919 -0.006347
v -0.033687 -0.020740 -0.005244
v -0.026629 -0.021608 -0.001409
v -0.028766 -0.020009 -0.003256
v -0.030408 -0.016700 -0.007009
v -0.025522 -0.018286 -0.003393
v -0.034683 -0.015161 -0.010562
v -0.036987 -0.017529 -0.009963
v -0.037842 -0.019624 -0.008890
v 0.035981 -0.014516 0.007974
v 0.030710 -0.014464 0.006816
v 0.018766 -0.016798 0.006897
v 0.025546 -0.017170 0.009440
v 0.036409 -0.016337 0.010090
v 0.021763 -0.019192 0.011462
v 0.022114 -0.009095 0.004836
v 0.042471 -0.006325 0.003712
v 0.042787 -0.000443 0.004093
v 0.031822 -0.003072 0.004704
v 0.036242 -0.008308 0.004490
v 0.045284 -0.009488 0.004499
v 0.050123 -0.007257 0.004383
v 0.051670 -0.000785 0.004824
v 0.006664 -0.022929 0.011381
v 0.005937 -0.025447 0.011633
v 0.020387 -0.023732 0.013305
v 0.020446 -0.021197 0.012672
v 0.009310 -0.021026 0.010731
v -0.003942 -0.021984 0.007658
v -0.003241 -0.024091 0.009235
v -0.006404 -0.026195 0.008645
v 0.031476 -0.020855 0.012818
v 0.031501 -0.018953 0.011988
v -0.009555 -0.028854 0.007619
v 0.004257 -0.028460 0.011368
v 0.020502 -0.026562 0.013378
v 0.033985 -0.022309 0.012848
v 0.044852 -0.018829 0.011001
v 0.039072 -0.018406 0.011373
v -0.001343 -0.031914 0.009915
v 0.002996 -0.035629 0.010830
v 0.019925 -0.034556 0.013587
v 0.019027 -0.030551 0.013271
v -0.013325 -0.031316 0.005956
v -0.013052 -0.035142 0.005396
v -0.046161 -0.019564 -0.015619
v -0.047948 -0.017517 -0.018274
v -0.049414 -0.019654 -0.019103
v -0.047439 -0.021843 -0.016713
v -0.060580 -0.030213 -0.031278
v -0.064787 -0.024579 -0.035318
v -0.071319 -0.027293 -0.042188
v -0.066723 -0.033885 -0.036421
v -0.102898 -0.070243 -0.052058
v -0.076881 -0.045893 -0.039323
v -0.082583 -0.039661 -0.048442
v -0.041497 -0.020860 -0.011083
v -0.036782 -0.021548 -0.007420
v -0.041685 -0.018410 -0.012639
v -0.045144 -0.016773 -0.016196
v -0.043861 -0.022758 -0.013054
v -0.038111 -0.023758 -0.007873
v -0.032280 -0.022805 -0.003961
v -0.031160 -0.025395 -0.002683
v -0.024517 -0.026545 0.001203
v -0.024077 -0.024027 0.000976
v -0.012449 -0.024079 0.005743
v -0.017010 -0.021988 0.002887
v -0.016959 -0.026353 0.004712
v -0.027527 -0.028418 -0.000738
v -0.019477 -0.028824 0.003554
v -0.034644 -0.027413 -0.005556
v -0.040852 -0.026225 -0.010643
v -0.045845 -0.024886 -0.015375
v -0.049461 -0.022963 -0.019219
v -0.051919 -0.020060 -0.022091
v -0.048269 -0.027169 -0.018252
v -0.051193 -0.030106 -0.021501
v -0.045550 -0.032154 -0.015884
v -0.043066 -0.028918 -0.013144
v -0.052184 -0.024660 -0.022463
v -0.055780 -0.027024 -0.026362
v -0.037111 -0.030029 -0.007993
v -0.038911 -0.033282 -0.010053
v -0.033152 -0.033368 -0.005445
v -0.030186 -0.030953 -0.003042
v -0.021717 -0.031602 0.001874
v -0.025624 -0.034783 -0.000931
v 0.007558 -0.019410 0.007846
v 0.007904 -0.017397 0.005661
v -0.002749 -0.017850 0.003943
v -0.009281 -0.019975 0.003823
v -0.020828 -0.019983 -0.000152
v -0.014916 -0.017495 0.000125
v -0.007063 -0.014982 0.001446
v -0.002437 -0.010912 0.001699
v -0.008768 -0.011356 -0.000225
v -0.014304 -0.014498 -0.001187
v 0.003159 -0.014221 0.003703
v 0.002090 -0.009762 0.002558
v 0.014748 -0.014203 0.005187
v 0.008601 -0.010296 0.003725
v 0.024610 -0.013481 0.005653
v 0.006583 0.031824 0.013318
v 0.000837 0.034543 0.013472
v -0.017365 0.033111 0.010240
v -0.010589 0.030623 0.010654
v -0.029570 0.019367 0.002883
v -0.029493 0.023296 0.003772
v -0.039556 0.018816 -0.002910
v -0.038453 0.014887 -0.004008
v -0.027894 0.015439 0.001459
v -0.036235 0.011296 -0.005261
v -0.016861 0.019205 0.007376
v -0.017814 0.023104 0.008261
v -0.016010 0.026742 0.009021
v -0.031981 0.000075 -0.011913
v -0.027514 0.002298 -0.008732
v -0.030588 0.005085 -0.007958
v -0.035478 0.001840 -0.012285
v -0.032836 -0.002234 -0.013071
v -0.037389 -0.001122 -0.014721
v -0.024261 -0.001084 -0.008813
v -0.017823 0.001515 -0.004859
v -0.031631 -0.005885 -0.012866
v -0.114444 -0.091537 -0.054923
v -0.040330 -0.015978 -0.013418
v -0.043391 -0.014118 -0.016564
v -0.038099 -0.013451 -0.013717
v -0.040629 -0.011532 -0.016213
v -0.045755 -0.011711 -0.019146
v -0.047683 -0.014956 -0.019103
v -0.027078 -0.013716 -0.007416
v -0.016638 -0.011433 -0.003478
v -0.031990 -0.012588 -0.010733
v -0.021790 -0.015507 -0.003752
v -0.024423 -0.009676 -0.008176
v -0.034520 -0.010493 -0.013174
v -0.038133 -0.009253 -0.015705
v -0.041895 -0.009809 -0.017564
v -0.040394 -0.006573 -0.017483
v -0.039308 -0.004888 -0.016743
v -0.044515 -0.008364 -0.019261
v -0.043784 -0.005555 -0.018881
v -0.039590 -0.008022 -0.016816
v -0.036812 -0.003426 -0.015162
v -0.041309 -0.003144 -0.017085
v -0.050444 -0.016781 -0.020903
v -0.050094 -0.013118 -0.021561
v -0.052445 -0.009835 -0.023425
v -0.053074 -0.015875 -0.023707
v -0.056656 -0.014913 -0.027046
v -0.055002 -0.020838 -0.025550
v -0.056891 -0.005701 -0.025917
v -0.063821 -0.002482 -0.031462
v -0.061803 -0.014858 -0.031770
v -0.059229 -0.022219 -0.029927
v -0.048529 -0.009929 -0.021117
v -0.047922 -0.006739 -0.020736
v -0.052838 0.000635 -0.020890
v -0.057028 0.003785 -0.022916
v -0.049855 -0.003268 -0.020715
v -0.046725 0.002345 -0.016547
v -0.049957 0.005615 -0.016692
v -0.052107 0.009603 -0.016299
v -0.044951 0.010390 -0.010759
v -0.046554 0.014289 -0.009758
v -0.042228 0.007009 -0.011395
v -0.045481 -0.003773 -0.018988
v -0.042519 -0.000378 -0.016226
v -0.038932 0.004085 -0.011968
v -0.033422 0.008039 -0.006676
v -0.025791 0.011745 -0.000670
v -0.023872 0.008283 -0.002884
v -0.015279 0.015114 0.005307
v -0.014608 0.011121 0.002519
v -0.002587 0.039861 0.016092
v -0.023619 0.038412 0.011822
v -0.014398 0.007133 -0.000255
v -0.007388 0.004542 0.001027
v -0.003104 0.004247 0.002472
v -0.004840 0.008513 0.003879
v 0.036409 0.002417 0.006191
v 0.030591 0.006141 0.008072
v 0.024264 0.001785 0.006085
v 0.046032 0.003204 0.006777
v 0.039226 0.007252 0.009090
v 0.015710 0.010014 0.009116
v 0.008190 0.005931 0.005892
v 0.018070 0.005371 0.007008
v 0.024606 0.009437 0.009513
v 0.020968 0.013173 0.011950
v 0.031031 0.010946 0.011244
v -0.001347 0.013515 0.007961
v -0.021490 0.004863 -0.004513
v -0.012731 0.003294 -0.001713
v 0.053085 0.003448 0.007833
v 0.046113 0.008334 0.010398
v 0.058194 -0.001208 0.006380
v 0.063550 -0.001853 0.006730
v 0.058741 0.003349 0.007889
v 0.051298 0.009347 0.010308
v 0.036477 0.012946 0.013305
v 0.040744 0.015208 0.013903
v 0.025046 0.019192 0.016122
v 0.026008 0.015169 0.014280
v -0.002993 0.018012 0.010257
v -0.004404 0.021898 0.011219
v 0.029975 0.023232 0.015652
v 0.045976 0.017683 0.012181
v 0.034011 0.027515 0.014284
v 0.046335 0.022454 0.011685
v -0.000321 0.028182 0.012356
v -0.006126 0.025267 0.011488
v 0.046438 -0.014960 0.008945
v 0.054145 -0.013776 0.008222
v 0.043125 -0.012951 0.007136
v 0.050948 -0.010997 0.006144
v 0.038127 -0.011822 0.005802
v 0.056146 -0.008548 0.005986
v 0.061678 -0.009672 0.006987
v 0.031262 -0.011382 0.005409
v 0.063837 0.002605 0.006999
v 0.068655 -0.002507 0.006350
v 0.068270 0.006329 0.006820
v 0.073032 -0.002195 0.006162
v 0.056321 0.018213 0.009462
v 0.057779 0.009368 0.008632
v 0.066299 -0.010544 0.007226
v 0.059254 -0.015007 0.008697
v 0.070164 -0.011027 0.007217
v 0.063315 -0.016234 0.008863
v 0.035682 -0.024758 0.012924
v 0.036417 -0.028721 0.013322
v 0.047943 -0.020428 0.010928
v 0.051375 -0.022591 0.011223
v 0.004244 -0.039776 0.010954
v -0.010418 -0.040233 0.006226
v 0.005685 -0.044906 0.011877
v -0.009469 -0.046094 0.007145
v 0.025794 -0.042268 0.015635
v 0.023336 -0.037869 0.014348
v -0.055151 -0.033885 -0.025045
v -0.060285 -0.038938 -0.028175
v -0.052625 -0.042486 -0.020159
v -0.048487 -0.036416 -0.018342
v -0.040826 -0.037844 -0.011686
v -0.044447 -0.043260 -0.013362
v -0.034610 -0.044889 -0.005971
v -0.032695 -0.037399 -0.005620
v -0.023059 -0.039742 0.000155
v -0.022611 -0.046471 0.001267
v -0.068467 -0.017418 -0.038451
v -0.072199 -0.002785 -0.041204
v -0.075081 -0.020603 -0.045723
v -0.081425 -0.004611 -0.050421
v 0.076503 0.008261 0.008013
v 0.077140 -0.000105 0.007068
v 0.082958 0.011925 0.012480
v 0.084087 0.001122 0.011142
v 0.077927 0.025126 0.016152
v 0.068757 0.019983 0.010082
v 0.074182 -0.011438 0.007991
v 0.067440 -0.017726 0.009513
v 0.079808 -0.012211 0.011035
v 0.072634 -0.020069 0.012018
v 0.040491 -0.031795 0.013771
v 0.043779 -0.036048 0.015041
v 0.055065 -0.025173 0.011881
v 0.059613 -0.028892 0.013779
v -0.058558 0.053618 0.000873
v -0.048375 0.041700 0.003921
v -0.032118 0.047287 0.013626
v -0.041369 0.061437 0.014241
v -0.070468 0.070149 -0.007591
v -0.080300 0.055191 -0.020151
v -0.069664 0.043465 -0.011836
v -0.059567 0.034449 -0.006283
v -0.075735 0.009856 -0.037960
v -0.068455 0.009582 -0.031090
v -0.068429 0.018273 -0.024951
v -0.076167 0.020325 -0.031483
v -0.084964 0.009822 -0.047253
v -0.086640 0.023950 -0.040033
v -0.073905 0.031034 -0.022305
v -0.065223 0.026207 -0.016436
v -0.084981 0.037959 -0.030021
v 0.044330 0.046154 0.023364
v 0.041543 0.039618 0.017413
v 0.053620 0.029366 0.012326
v 0.059224 0.033628 0.016306
v 0.049242 0.052100 0.027981
v 0.068266 0.036993 0.020547
v -0.011671 0.063647 0.026519
v -0.006639 0.049681 0.020816
v 0.033767 0.031145 0.013288
v 0.042218 0.026968 0.012501
v 0.037700 0.031542 0.012792
v 0.047344 0.026015 0.011633
v -0.025945 0.027541 0.005935
v -0.033593 0.029358 0.004426
v -0.044917 0.024754 -0.002987
v -0.038364 0.023296 -0.000567
v -0.046815 0.018854 -0.007608
v -0.052864 0.020039 -0.010793
v -0.058960 0.014686 -0.018945
v -0.053035 0.014306 -0.014567
v -0.057075 0.010010 -0.020210
v -0.061747 0.008167 -0.025310
v 0.045827 0.030559 0.013001
v 0.037093 0.034265 0.014690
v -0.040018 0.033650 0.004764
v -0.051064 0.028434 -0.003991
v -0.058563 0.022762 -0.012952
v -0.063060 0.017781 -0.020091
v -0.064282 0.012921 -0.024759
v -0.133895 -0.104015 -0.090263
v -0.139632 -0.063818 -0.115049
v 0.069535 -0.132294 0.076202
v 0.068633 -0.143340 0.091113
v 0.103512 -0.033936 0.070884
v 0.091269 -0.049082 0.058478
v 0.102798 -0.045111 0.080690
v 0.091226 -0.058872 0.067759
v 0.076499 -0.141724 0.114616
v 0.089191 -0.133358 0.135785
v 0.127452 0.029187 0.065839
v 0.125481 -0.068520 0.136115
v 0.126344 -0.053943 0.123384
v 0.122424 -0.101266 0.164214
v 0.123690 -0.083295 0.149375
v 0.122984 -0.116609 0.172738
v 0.096642 -0.125856 0.150034
v 0.095625 -0.112740 0.140885
v 0.086519 -0.121965 0.125290
v 0.126618 -0.039443 0.111632
v -0.122750 -0.088698 -0.616530
v -0.134703 -0.013494 -0.638709
v -0.095908 0.009116 -0.060095
v -0.092390 -0.010553 -0.063323
v -0.097977 0.029644 -0.053995
v -0.085982 -0.031419 -0.055179
v 0.076854 -0.063369 0.048748
v 0.078235 -0.072073 0.057204
v 0.079363 -0.082726 0.065617
v 0.063623 -0.083761 0.048304
v 0.065837 -0.096209 0.056003
v 0.092547 -0.080960 0.088402
v 0.091414 -0.069935 0.077732
v 0.081578 -0.093050 0.074013
v 0.082386 -0.105751 0.081922
v 0.092043 -0.093405 0.098393
v 0.060417 -0.138031 0.059273
v 0.071549 -0.120845 0.067793
v 0.049952 -0.108119 0.049907
v 0.054573 -0.121807 0.055186
v 0.069014 -0.107324 0.062103
v 0.045472 -0.094486 0.041972
v 0.078307 -0.120003 0.092237
v 0.074225 -0.133897 0.105079
v 0.090080 -0.107790 0.111893
v 0.097814 -0.098629 0.126487
v 0.099968 -0.083577 0.112876
v 0.061101 -0.074330 0.040848
v 0.040632 -0.083637 0.035641
v 0.038876 -0.135803 0.053092
v 0.030274 -0.118118 0.046141
v 0.012025 -0.128934 0.044281
v 0.025790 -0.103523 0.039185
v 0.006827 -0.113407 0.036394
v -0.014163 -0.125753 0.032662
v 0.002205 -0.098428 0.028340
v 0.020673 -0.090233 0.032256
v -0.036329 -0.094354 0.011150
v -0.036029 -0.116955 0.019568
v -0.017134 -0.107191 0.023868
v -0.019020 -0.088852 0.015772
v -0.058259 -0.132738 0.010847
v -0.056113 -0.101177 0.004345
v -0.052189 -0.080772 -0.002281
v 0.007878 -0.052656 0.014510
v 0.028483 -0.049749 0.018183
v -0.007798 -0.054178 0.009701
v -0.034824 -0.077891 0.004918
v -0.020204 -0.074890 0.010458
v -0.068527 -0.050540 -0.029457
v -0.058857 -0.053674 -0.019903
v -0.034512 -0.055644 -0.002401
v -0.021939 -0.055298 0.003951
v -0.047396 -0.054772 -0.010759
v 0.047712 -0.042700 0.018003
v 0.065495 -0.033971 0.017759
v 0.102178 -0.070068 0.102403
v 0.102533 -0.057521 0.091104
v 0.079517 0.038545 0.027258
v 0.089097 0.026417 0.024407
v 0.113490 0.028460 0.054318
v 0.062905 0.056670 0.037514
v 0.079081 -0.023373 0.017678
v 0.087763 -0.012942 0.018012
v 0.093295 0.000592 0.019692
v 0.094176 0.013558 0.021436
v 0.015064 0.113330 0.042712
v 0.029873 0.085752 0.049501
v -0.120399 0.136141 -0.116460
v -0.074222 0.092703 -0.020916
v -0.087756 0.074715 -0.034292
v -0.095818 0.052690 -0.045907
v -0.128449 0.086941 -0.128729
v -0.131911 0.033714 -0.130986
v -0.136742 -0.016568 -0.126792
v 0.076760 -0.006252 0.007577
v 0.112049 -0.074356 0.126530
v 0.082971 -0.005628 0.011018
v 0.114007 -0.046257 0.102689
v 0.106718 -0.008150 0.047782
v 0.113909 -0.060655 0.115018
v 0.108770 -0.120456 0.163504
v 0.069236 -0.007385 0.006662
v 0.055513 -0.004602 0.004614
v 0.072498 -0.006603 0.006521
v 0.112618 -0.012365 0.066258
v 0.079680 -0.145140 0.118758
v 0.065324 -0.006235 0.006657
v 0.061238 -0.005337 0.006072
v 0.109369 -0.089767 0.139624
v 0.046528 -0.003730 0.003143
v 0.091577 -0.005846 0.018824
v 0.114080 -0.022052 0.081669
v 0.114576 -0.033949 0.093742
v 0.107885 -0.105640 0.154232
v 0.017813 0.056683 0.028353
v 0.018249 0.046351 0.022043
v 0.047528 0.069854 0.044191
v 0.123113 0.070376 0.065968
v 0.100280 0.070692 0.061197
v 0.009695 0.024608 0.014583
v 0.010866 0.013062 0.010351
v 0.018873 0.037891 0.016571
v 0.012521 0.016559 0.013083
v 0.008083 0.020611 0.014241
v 0.020506 0.033517 0.014374
v 0.020634 0.031713 0.014280
v 0.026106 0.065938 0.035650
v 0.016223 0.028905 0.014532
v 0.005309 0.009933 0.007312
v 0.001137 0.005589 0.004251
v 0.052162 0.113347 0.055939
v -0.077355 0.110226 -0.035391
v -0.090906 0.087428 -0.047476
v -0.063534 -0.066828 -0.016649
v -0.074918 -0.063138 -0.027542
v 0.064012 0.086996 0.058418
v -0.024816 0.134380 0.009932
v -0.056352 0.127775 -0.016487
v -0.094775 -0.042371 -0.058992
v 0.115867 0.138620 0.060641
v -0.100469 -0.017700 -0.071509
v 0.080693 0.138625 0.057546
v 0.085818 0.056499 0.047393
v -0.021234 -0.063891 0.006410
v -0.034268 -0.065738 0.000608
v -0.090851 -0.051519 -0.049925
v 0.102845 0.027904 0.039416
v 0.095091 0.039981 0.039903
v 0.051046 -0.049343 0.021692
v -0.100546 0.060949 -0.058347
v -0.104193 0.032611 -0.065208
v 0.010131 -0.059244 0.017225
v -0.102906 0.007120 -0.070201
v -0.084195 -0.058581 -0.038759
v 0.006856 0.137881 0.031029
v -0.006396 -0.061988 0.012360
v 0.105162 0.014447 0.037215
v 0.070181 -0.039511 0.023124
v 0.084878 -0.027024 0.025138
v 0.095356 -0.014362 0.028870
v 0.103495 -0.000088 0.034637
v 0.030740 -0.055858 0.020991
v -0.049119 -0.066738 -0.007287
v 0.100122 -0.006966 0.032427
v 0.074661 0.070752 0.054246
v 0.043091 0.138454 0.047799
v -0.001903 -0.002798 0.000198
v -0.048773 0.081213 0.012253
v -0.018083 0.084350 0.030092
v -0.004267 -0.071150 0.016092
v -0.001347 -0.083183 0.021141
v 0.016394 -0.077618 0.025390
v 0.012905 -0.067195 0.020739
v -0.083917 -0.081867 -0.024652
v -0.093057 -0.106931 -0.022792
v -0.076902 -0.108739 -0.007467
v -0.069733 -0.083444 -0.012105
v 0.091799 -0.039263 0.047641
v 0.090328 -0.031303 0.035718
v 0.074396 -0.046274 0.030909
v 0.075965 -0.054670 0.040126
v 0.054470 -0.056854 0.026472
v 0.058053 -0.065276 0.033162
v -0.096686 0.104400 -0.065580
v 0.093821 0.087454 0.064014
v -0.094489 -0.077126 -0.038011
v 0.103324 -0.024810 0.057824
v 0.100503 -0.018624 0.042759
v 0.110818 0.000066 0.052510
v 0.113396 0.015353 0.054891
v 0.105966 0.055858 0.057067
v 0.110254 0.040379 0.053976
v 0.036883 -0.072547 0.029229
v 0.033468 -0.063224 0.024351
v -0.032900 -0.018919 -0.006347
v -0.033687 -0.020740 -0.005244
v -0.026629 -0.021608 -0.001409
v -0.028766 -0.020009 -0.003256
v -0.030408 -0.016700 -0.007009
v -0.025522 -0.018286 -0.003393
v -0.034683 -0.015161 -0.010562
v -0.036987 -0.017529 -0.009963
v -0.037842 -0.019624 -0.008890
v 0.035981 -0.014516 0.007974
v 0.030710 -0.014464 0.006816
v 0.018766 -0.016798 0.006897
v 0.025546 -0.017170 0.009440
v 0.036409 -0.016337 0.010090
v 0.021763 -0.019192 0.011462
v 0.022114 -0.009095 0.004836
v 0.042471 -0.006325 0.003712
v 0.042787 -0.000443 0.004093
v 0.031822 -0.003072 0.004704
v 0.036242 -0.008308 0.004490
v 0.045284 -0.009488 0.004499
v 0.050123 -0.007257 0.004383
v 0.051670 -0.000785 0.004824
v 0.006664 -0.022929 0.011381
v 0.005937 -0.025447 0.011633
v 0.020387 -0.023732 0.013305
v 0.020446 -0.021197 0.012672
v 0.009310 -0.021026 0.010731
v -0.003942 -0.021984 0.007658
v -0.003241 -0.024091 0.009235
v -0.006404 -0.026195 0.008645
v 0.031476 -0.020855 0.012818
v 0.031501 -0.018953 0.011988
v -0.009555 -0.028854 0.007619
v 0.004257 -0.028460 0.011368
v 0.020502 -0.026562 0.013378
v 0.033985 -0.022309 0.012848
v 0.044852 -0.018829 0.011001
v 0.039072 -0.018406 0.011373
v -0.001343 -0.031914 0.009915
v 0.002996 -0.035629 0.010830
v 0.019925 -0.034556 0.013587
v 0.019027 -0.030551 0.013271
v -0.013325 -0.031316 0.005956
v -0.013052 -0.035142 0.005396
v -0.046161 -0.019564 -0.015619
v -0.047948 -0.017517 -0.018274
v -0.049414 -0.019654 -0.019103
v -0.047439 -0.021843 -0.016713
v -0.060580 -0.030213 -0.031278
v -0.064787 -0.024579 -0.035318
v -0.071319 -0.027293 -0.042188
v -0.066723 -0.033885 -0.036421
v -0.076881 -0.045893 -0.039323
v -0.082583 -0.039661 -0.048442
v -0.041497 -0.020860 -0.011083
v -0.036782 -0.021548 -0.007420
v -0.041685 -0.018410 -0.012639
v -0.045144 -0.016773 -0.016196
v -0.043861 -0.022758 -0.013054
v -0.038111 -0.023758 -0.007873
v -0.032280 -0.022805 -0.003961
v -0.031160 -0.025395 -0.002683
v -0.024517 -0.026545 0.001203
v -0.024077 -0.024027 0.000976
v -0.012449 -0.024079 0.005743
v -0.017010 -0.021988 0.002887
v -0.016959 -0.026353 0.004712
v -0.027527 -0.028418 -0.000738
v -0.019477 -0.028824 0.003554
v -0.034644 -0.027413 -0.005556
v -0.040852 -0.026225 -0.010643
v -0.045845 -0.024886 -0.015375
v -0.049461 -0.022963 -0.019219
v -0.051919 -0.020060 -0.022091
v -0.048269 -0.027169 -0.018252
v -0.051193 -0.030106 -0.021501
v -0.045550 -0.032154 -0.015884
v -0.043066 -0.028918 -0.013144
v -0.052184 -0.024660 -0.022463
v -0.055780 -0.027024 -0.026362
v -0.037111 -0.030029 -0.007993
v -0.038911 -0.033282 -0.010053
v -0.033152 -0.033368 -0.005445
v -0.030186 -0.030953 -0.003042
v -0.021717 -0.031602 0.001874
v -0.025624 -0.034783 -0.000931
v 0.007558 -0.019410 0.007846
v 0.007904 -0.017397 0.005661
v -0.002749 -0.017850 0.003943
v -0.009281 -0.019975 0.003823
v -0.020828 -0.019983 -0.000152
v -0.014916 -0.017495 0.000125
v -0.007063 -0.014982 0.001446
v -0.002437 -0.010912 0.001699
v -0.008768 -0.011356 -0.000225
v -0.014304 -0.014498 -0.001187
v 0.003159 -0.014221 0.003703
v 0.002090 -0.009762 0.002558
v 0.014748 -0.014203 0.005187
v 0.008601 -0.010296 0.003725
v 0.024610 -0.013481 0.005653
v 0.006583 0.031824 0.013318
v 0.000837 0.034543 0.013472
v -0.017365 0.033111 0.010240
v -0.010589 0.030623 0.010654
v -0.029570 0.019367 0.002883
v -0.029493 0.023296 0.003772
v -0.039556 0.018816 -0.002910
v -0.038453 0.014887 -0.004008
v -0.027894 0.015439 0.001459
v -0.036235 0.011296 -0.005261
v -0.016861 0.019205 0.007376
v -0.017814 0.023104 0.008261
v -0.016010 0.026742 0.009021
v -0.031981 0.000075 -0.011913
v -0.027514 0.002298 -0.008732
v -0.030588 0.005085 -0.007958
v -0.035478 0.001840 -0.012285
v -0.032836 -0.002234 -0.013071
v -0.037389 -0.001122 -0.014721
v -0.024261 -0.001084 -0.008813
v -0.017823 0.001515 -0.004859
v -0.031631 -0.005885 -0.012866
v -0.040330 -0.015978 -0.013418
v -0.043391 -0.014118 -0.016564
v -0.038099 -0.013451 -0.013717
v -0.040629 -0.011532 -0.016213
v -0.045755 -0.011711 -0.019146
v -0.047683 -0.014956 -0.019103
v -0.027078 -0.013716 -0.007416
v -0.016638 -0.011433 -0.003478
v -0.031990 -0.012588 -0.010733
v -0.021790 -0.015507 -0.003752
v -0.024423 -0.009676 -0.008176
v -0.034520 -0.010493 -0.013174
v -0.038133 -0.009253 -0.015705
v -0.041895 -0.009809 -0.017564
v -0.040394 -0.006573 -0.017483
v -0.039308 -0.004888 -0.016743
v -0.044515 -0.008364 -0.019261
v -0.043784 -0.005555 -0.018881
v -0.039590 -0.008022 -0.016816
v -0.036812 -0.003426 -0.015162
v -0.041309 -0.003144 -0.017085
v -0.050444 -0.016781 -0.020903
v -0.050094 -0.013118 -0.021561
v -0.052445 -0.009835 -0.023425
v -0.053074 -0.015875 -0.023707
v -0.056656 -0.014913 -0.027046
v -0.055002 -0.020838 -0.025550
v -0.056891 -0.005701 -0.025917
v -0.063821 -0.002482 -0.031462
v -0.061803 -0.014858 -0.031770
v -0.059229 -0.022219 -0.029927
v -0.048529 -0.009929 -0.021117
v -0.047922 -0.006739 -0.020736
v -0.052838 0.000635 -0.020890
v -0.057028 0.003785 -0.022916
v -0.049855 -0.003268 -0.020715
v -0.046725 0.002345 -0.016547
v -0.049957 0.005615 -0.016692
v -0.052107 0.009603 -0.016299
v -0.044951 0.010390 -0.010759
v -0.046554 0.014289 -0.009758
v -0.042228 0.007009 -0.011395
v -0.045481 -0.003773 -0.018988
v -0.042519 -0.000378 -0.016226
v -0.038932 0.004085 -0.011968
v -0.033422 0.008039 -0.006676
v -0.025791 0.011745 -0.000670
v -0.023872 0.008283 -0.002884
v -0.015279 0.015114 0.005307
v -0.014608 0.011121 0.002519
v -0.002587 0.039861 0.016092
v -0.023619 0.038412 0.011822
v -0.014398 0.007133 -0.000255
v -0.007388 0.004542 0.001027
v -0.003104 0.004247 0.002472
v -0.004840 0.008513 0.003879
v 0.036409 0.002417 0.006191
v 0.030591 0.006141 0.008072
v 0.024264 0.001785 0.006085
v 0.046032 0.003204 0.006777
v 0.039226 0.007252 0.009090
v 0.015710 0.010014 0.009116
v 0.008190 0.005931 0.005892
v 0.018070 0.005371 0.007008
v 0.024606 0.009437 0.009513
v 0.020968 0.013173 0.011950
v 0.031031 0.010946 0.011244
v -0.001347 0.013515 0.007961
v -0.021490 0.004863 -0.004513
v -0.012731 0.003294 -0.001713
v 0.053085 0.003448 0.007833
v 0.046113 0.008334 0.010398
v 0.058194 -0.001208 0.006380
v 0.063550 -0.001853 0.006730
v 0.058741 0.003349 0.007889
v 0.051298 0.009347 0.010308
v 0.036477 0.012946 0.013305
v 0.040744 0.015208 0.013903
v 0.025046 0.019192 0.016122
v 0.026008 0.015169 0.014280
v -0.002993 0.018012 0.010257
v -0.004404 0.021898 0.011219
v 0.029975 0.023232 0.015652
v 0.045976 0.017683 0.012181
v 0.034011 0.027515 0.014284
v 0.046335 0.022454 0.011685
v -0.000321 0.028182 0.012356
v -0.006126 0.025267 0.011488
v 0.046438 -0.014960 0.008945
v 0.054145 -0.013776 0.008222
v 0.043125 -0.012951 0.007136
v 0.050948 -0.010997 0.006144
v 0.038127 -0.011822 0.005802
v 0.056146 -0.008548 0.005986
v 0.061678 -0.009672 0.006987
v 0.031262 -0.011382 0.005409
v 0.063837 0.002605 0.006999
v 0.068655 -0.002507 0.006350
v 0.068270 0.006329 0.006820
v 0.073032 -0.002195 0.006162
v 0.056321 0.018213 0.009462
v 0.057779 0.009368 0.008632
v 0.066299 -0.010544 0.007226
v 0.059254 -0.015007 0.008697
v 0.070164 -0.011027 0.007217
v 0.063315 -0.016234 0.008863
v 0.035682 -0.024758 0.012924
v 0.036417 -0.028721 0.013322
v 0.047943 -0.020428 0.010928
v 0.051375 -0.022591 0.011223
v 0.004244 -0.039776 0.010954
v -0.010418 -0.040233 0.006226
v 0.005685 -0.044906 0.011877
v -0.009469 -0.046094 0.007145
v 0.025794 -0.042268 0.015635
v 0.023336 -0.037869 0.014348
v -0.055151 -0.033885 -0.025045
v -0.060285 -0.038938 -0.028175
v -0.052625 -0.042486 -0.020159
v -0.048487 -0.036416 -0.018342
v -0.040826 -0.037844 -0.011686
v -0.044447 -0.043260 -0.013362
v -0.034610 -0.044889 -0.005971
v -0.032695 -0.037399 -0.005620
v -0.023059 -0.039742 0.000155
v -0.022611 -0.046471 0.001267
v -0.068467 -0.017418 -0.038451
v -0.072199 -0.002785 -0.041204
v -0.075081 -0.020603 -0.045723
v -0.081425 -0.004611 -0.050421
v 0.076503 0.008261 0.008013
v 0.077140 -0.000105 0.007068
v 0.082958 0.011925 0.012480
v 0.084087 0.001122 0.011142
v 0.077927 0.025126 0.016152
v 0.068757 0.019983 0.010082
v 0.074182 -0.011438 0.007991
v 0.067440 -0.017726 0.009513
v 0.079808 -0.012211 0.011035
v 0.072634 -0.020069 0.012018
v 0.040491 -0.031795 0.013771
v 0.043779 -0.036048 0.015041
v 0.055065 -0.025173 0.011881
v 0.059613 -0.028892 0.013779
v -0.058558 0.053618 0.000873
v -0.048375 0.041700 0.003921
v -0.032118 0.047287 0.013626
v -0.041369 0.061437 0.014241
v -0.070468 0.070149 -0.007591
v -0.080300 0.055191 -0.020151
v -0.069664 0.043465 -0.011836
v -0.059567 0.034449 -0.006283
v -0.075735 0.009856 -0.037960
v -0.068455 0.009582 -0.031090
v -0.068429 0.018273 -0.024951
v -0.076167 0.020325 -0.031483
v -0.084964 0.009822 -0.047253
v -0.086640 0.023950 -0.040033
v -0.073905 0.031034 -0.022305
v -0.065223 0.026207 -0.016436
v -0.084981 0.037959 -0.030021
v 0.044330 0.046154 0.023364
v 0.041543 0.039618 0.017413
v 0.053620 0.029366 0.012326
v 0.059224 0.033628 0.016306
v 0.049242 0.052100 0.027981
v 0.068266 0.036993 0.020547
v -0.011671 0.063647 0.026519
v -0.006639 0.049681 0.020816
v 0.033767 0.031145 0.013288
v 0.042218 0.026968 0.012501
v 0.037700 0.031542 0.012792
v 0.047344 0.026015 0.011633
v -0.025945 0.027541 0.005935
v -0.033593 0.029358 0.004426
v -0.044917 0.024754 -0.002987
v -0.038364 0.023296 -0.000567
v -0.046815 0.018854 -0.007608
v -0.052864 0.020039 -0.010793
v -0.058960 0.014686 -0.018945
v -0.053035 0.014306 -0.014567
v -0.057075 0.010010 -0.020210
v -0.061747 0.008167 -0.025310
v 0.045827 0.030559 0.013001
v 0.037093 0.034265 0.014690
v -0.040018 0.033650 0.004764
v -0.051064 0.028434 -0.003991
v -0.058563 0.022762 -0.012952
v -0.063060 0.017781 -0.020091
v -0.064282 0.012921 -0.024759
v 0.103512 -0.033936 0.070884
v 0.091269 -0.049082 0.058478
v 0.102798 -0.045111 0.080690
v 0.091226 -0.058872 0.067759
v 0.095625 -0.112740 0.140885
v -0.095908 0.009116 -0.060095
v -0.092390 -0.010553 -0.063323
v -0.097977 0.029644 -0.053995
v -0.085982 -0.031419 -0.055179
v 0.076854 -0.063369 0.048748
v 0.078235 -0.072073 0.057204
v 0.079363 -0.082726 0.065617
v 0.063623 -0.083761 0.048304
v 0.065837 -0.096209 0.056003
v 0.092547 -0.080960 0.088402
v 0.091414 -0.069935 0.077732
v 0.081578 -0.093050 0.074013
v 0.082386 -0.105751 0.081922
v 0.092043 -0.093405 0.098393
v 0.049952 -0.108119 0.049907
v 0.069014 -0.107324 0.062103
v 0.045472 -0.094486 0.041972
v 0.090080 -0.107790 0.111893
v 0.097814 -0.098629 0.126487
v 0.099968 -0.083577 0.112876
v 0.061101 -0.074330 0.040848
v 0.040632 -0.083637 0.035641
v 0.025790 -0.103523 0.039185
v 0.002205 -0.098428 0.028340
v 0.020673 -0.090233 0.032256
v -0.036329 -0.094354 0.011150
v -0.017134 -0.107191 0.023868
v -0.019020 -0.088852 0.015772
v -0.056113 -0.101177 0.004345
v -0.052189 -0.080772 -0.002281
v 0.007878 -0.052656 0.014510
v 0.028483 -0.049749 0.018183
v -0.007798 -0.054178 0.009701
v -0.034824 -0.077891 0.004918
v -0.020204 -0.074890 0.010458
v -0.068527 -0.050540 -0.029457
v -0.058857 -0.053674 -0.019903
v -0.034512 -0.055644 -0.002401
v -0.021939 -0.055298 0.003951
v -0.047396 -0.054772 -0.010759
v 0.047712 -0.042700 0.018003
v 0.065495 -0.033971 0.017759
v 0.102178 -0.070068 0.102403
v 0.102533 -0.057521 0.091104
v 0.079517 0.038545 0.027258
v 0.089097 0.026417 0.024407
v 0.113490 0.028460 0.054318
v 0.062905 0.056670 0.037514
v 0.079081 -0.023373 0.017678
v 0.087763 -0.012942 0.018012
v 0.093295 0.000592 0.019692
v 0.094176 0.013558 0.021436
v 0.029873 0.085752 0.049501
v -0.074222 0.092703 -0.020916
v -0.087756 0.074715 -0.034292
v -0.095818 0.052690 -0.045907
v 0.076760 -0.006252 0.007577
v 0.112049 -0.074356 0.126530
v 0.082971 -0.005628 0.011018
v 0.114007 -0.046257 0.102689
v 0.106718 -0.008150 0.047782
v 0.113909 -0.060655 0.115018
v 0.069236 -0.007385 0.006662
v 0.055513 -0.004602 0.004614
v 0.072498 -0.006603 0.006521
v 0.112618 -0.012365 0.066258
v 0.065324 -0.006235 0.006657
v 0.061238 -0.005337 0.006072
v 0.109369 -0.089767 0.139624
v 0.046528 -0.003730 0.003143
v 0.091577 -0.005846 0.018824
v 0.114080 -0.022052 0.081669
v 0.114576 -0.033949 0.093742
v 0.107885 -0.105640 0.154232
v 0.017813 0.056683 0.028353
v 0.018249 0.046351 0.022043
v 0.047528 0.069854 0.044191
v 0.100280 0.070692 0.061197
v 0.009695 0.024608 0.014583
v 0.010866 0.013062 0.010351
v 0.018873 0.037891 0.016571
v 0.012521 0.016559 0.013083
v 0.008083 0.020611 0.014241
v 0.020506 0.033517 0.014374
v 0.020634 0.031713 0.014280
v 0.026106 0.065938 0.035650
v 0.016223 0.028905 0.014532
v 0.005309 0.009933 0.007312
v 0.001137 0.005589 0.004251
v -0.090906 0.087428 -0.047476
v -0.063534 -0.066828 -0.016649
v -0.074918 -0.063138 -0.027542
v 0.064012 0.086996 0.058418
v -0.094775 -0.042371 -0.058992
v -0.100469 -0.017700 -0.071509
v 0.085818 0.056499 0.047393
v -0.021234 -0.063891 0.006410
v -0.034268 -0.065738 0.000608
v -0.090851 -0.051519 -0.049925
v 0.102845 0.027904 0.039416
v 0.095091 0.039981 0.039903
v 0.051046 -0.049343 0.021692
v -0.100546 0.060949 -0.058347
v 0.010131 -0.059244 0.017225
v -0.084195 -0.058581 -0.038759
v -0.006396 -0.061988 0.012360
v 0.105162 0.014447 0.037215
v 0.070181 -0.039511 0.023124
v 0.084878 -0.027024 0.025138
v 0.095356 -0.014362 0.028870
v 0.103495 -0.000088 0.034637
v 0.030740 -0.055858 0.020991
v -0.049119 -0.066738 -0.007287
v 0.100122 -0.006966 0.032427
v 0.074661 0.070752 0.054246
v -0.001903 -0.002798 0.000198
v -0.022051 0.112248 0.022235
v -0.053805 0.106370 -0.002162
v -0.112644 0.036001 -0.082667
v -0.112777 0.003204 -0.085642
v 0.118111 0.114005 0.065557
v 0.086109 0.113544 0.062945
v 0.120843 0.087240 0.067306
v -0.112465 -0.028939 -0.083060
v -0.107831 -0.059069 -0.064460
v -0.105416 -0.101159 -0.038323
v -0.114906 0.082149 -0.097864
v -0.107019 0.071739 -0.076378
v 0.126922 -0.001088 0.077185
v 0.125186 0.055319 0.064907
v 0.126062 0.041208 0.064561
v 0.126212 -0.014003 0.089736
v 0.126246 -0.026767 0.101133
v -0.102898 -0.070243 -0.052058
v -0.114444 -0.091537 -0.054923
v 0.125481 -0.068520 0.136115
v 0.126344 -0.053943 0.123384
v 0.122424 -0.101266 0.164214
v 0.123690 -0.083295 0.149375
v 0.086519 -0.121965 0.125290
v 0.126618 -0.039443 0.111632
v 0.071549 -0.120845 0.067793
v 0.054573 -0.121807 0.055186
v 0.078307 -0.120003 0.092237
v 0.030274 -0.118118 0.046141
v 0.006827 -0.113407 0.036394
v -0.036029 -0.116955 0.019568
v 0.015064 0.113330 0.042712
v 0.123113 0.070376 0.065968
v 0.052162 0.113347 0.055939
v -0.077355 0.110226 -0.035391
v -0.104193 0.032611 -0.065208
v -0.102906 0.007120 -0.070201
v -0.048773 0.081213 0.012253
v -0.018083 0.084350 0.030092
v -0.004267 -0.071150 0.016092
v -0.001347 -0.083183 0.021141
v 0.016394 -0.077618 0.025390
v 0.012905 -0.067195 0.020739
v -0.083917 -0.081867 -0.024652
v -0.093057 -0.106931 -0.022792
v -0.076902 -0.108739 -0.007467
v -0.069733 -0.083444 -0.012105
v 0.091799 -0.039263 0.047641
v 0.090328 -0.031303 0.035718
v 0.074396 -0.046274 0.030909
v 0.075965 -0.054670 0.040126
v 0.054470 -0.056854 0.026472
v 0.058053 -0.065276 0.033162
v -0.096686 0.104400 -0.065580
v 0.093821 0.087454 0.064014
v -0.094489 -0.077126 -0.038011
v 0.103324 -0.024810 0.057824
v 0.100503 -0.018624 0.042759
v 0.110818 0.000066 0.052510
v 0.113396 0.015353 0.054891
v 0.105966 0.055858 0.057067
v 0.110254 0.040379 0.053976
v 0.036883 -0.072547 0.029229
v 0.033468 -0.063224 0.024351
v -0.032900 -0.018919 -0.006347
v -0.033687 -0.020740 -0.005244
v -0.026629 -0.021608 -0.001409
v -0.028766 -0.020009 -0.003256
v -0.030408 -0.016700 -0.007009
v -0.025522 -0.018286 -0.003393
v -0.034683 -0.015161 -0.010562
v -0.036987 -0.017529 -0.009963
v -0.037842 -0.019624 -0.008890
v 0.035981 -0.014516 0.007974
v 0.030710 -0.014464 0.006816
v 0.018766 -0.016798 0.006897
v 0.025546 -0.017170 0.009440
v 0.036409 -0.016337 0.010090
v 0.021763 -0.019192 0.011462
v 0.022114 -0.009095 0.004836
v 0.042471 -0.006325 0.003712
v 0.042787 -0.000443 0.004093
v 0.031822 -0.003072 0.004704
v 0.036242 -0.008308 0.004490
v 0.045284 -0.009488 0.004499
v 0.050123 -0.007257 0.004383
v 0.051670 -0.000785 0.004824
v 0.006664 -0.022929 0.011381
v 0.005937 -0.025447 0.011633
v 0.020387 -0.023732 0.013305
v 0.020446 -0.021197 0.012672
v 0.009310 -0.021026 0.010731
v -0.003942 -0.021984 0.007658
v -0.003241 -0.024091 0.009235
v -0.006404 -0.026195 0.008645
v 0.031476 -0.020855 0.012818
v 0.031501 -0.018953 0.011988
v -0.009555 -0.028854 0.007619
v 0.004257 -0.028460 0.011368
v 0.020502 -0.026562 0.013378
v 0.033985 -0.022309 0.012848
v 0.044852 -0.018829 0.011001
v 0.039072 -0.018406 0.011373
v -0.001343 -0.031914 0.009915
v 0.002996 -0.035629 0.010830
v 0.019925 -0.034556 0.013587
v 0.019027 -0.030551 0.013271
v -0.013325 -0.031316 0.005956
v -0.013052 -0.035142 0.005396
v -0.046161 -0.019564 -0.015619
v -0.047948 -0.017517 -0.018274
v -0.049414 -0.019654 -0.019103
v -0.047439 -0.021843 -0.016713
v -0.060580 -0.030213 -0.031278
v -0.064787 -0.024579 -0.035318
v -0.071319 -0.027293 -0.042188
v -0.066723 -0.033885 -0.036421
v -0.076881 -0.045893 -0.039323
v -0.082583 -0.039661 -0.048442
v -0.041497 -0.020860 -0.011083
v -0.036782 -0.021548 -0.007420
v -0.041685 -0.018410 -0.012639
v -0.045144 -0.016773 -0.016196
v -0.043861 -0.022758 -0.013054
v -0.038111 -0.023758 -0.007873
v -0.032280 -0.022805 -0.003961
v -0.031160 -0.025395 -0.002683
v -0.024517 -0.026545 0.001203
v -0.024077 -0.024027 0.000976
v -0.012449 -0.024079 0.005743
v -0.017010 -0.021988 0.002887
v -0.016959 -0.026353 0.004712
v -0.027527 -0.028418 -0.000738
v -0.019477 -0.028824 0.003554
v -0.034644 -0.027413 -0.005556
v -0.040852 -0.026225 -0.010643
v -0.045845 -0.024886 -0.015375
v -0.049461 -0.022963 -0.019219
v -0.051919 -0.020060 -0.022091
v -0.048269 -0.027169 -0.018252
v -0.051193 -0.030106 -0.021501
v -0.045550 -0.032154 -0.015884
v -0.043066 -0.028918 -0.013144
v -0.052184 -0.024660 -0.022463
v -0.055780 -0.027024 -0.026362
v -0.037111 -0.030029 -0.007993
v -0.038911 -0.033282 -0.010053
v -0.033152 -0.033368 -0.005445
v -0.030186 -0.030953 -0.003042
v -0.021717 -0.031602 0.001874
v -0.025624 -0.034783 -0.000931
v 0.007558 -0.019410 0.007846
v 0.007904 -0.017397 0.005661
v -0.002749 -0.017850 0.003943
v -0.009281 -0.019975 0.003823
v -0.020828 -0.019983 -0.000152
v -0.014916 -0.017495 0.000125
v -0.007063 -0.014982 0.001446
v -0.002437 -0.010912 0.001699
v -0.008768 -0.011356 -0.000225
v -0.014304 -0.014498 -0.001187
v 0.003159 -0.014221 0.003703
v 0.002090 -0.009762 0.002558
v 0.014748 -0.014203 0.005187
v 0.008601 -0.010296 0.003725
v 0.024610 -0.013481 0.005653
v 0.006583 0.031824 0.013318
v 0.000837 0.034543 0.013472
v -0.017365 0.033111 0.010240
v -0.010589 0.030623 0.010654
v -0.029570 0.019367 0.002883
v -0.029493 0.023296 0.003772
v -0.039556 0.018816 -0.002910
v -0.038453 0.014887 -0.004008
v -0.027894 0.015439 0.001459
v -0.036235 0.011296 -0.005261
v -0.016861 0.019205 0.007376
v -0.017814 0.023104 0.008261
v -0.016010 0.026742 0.009021
v -0.031981 0.000075 -0.011913
v -0.027514 0.002298 -0.008732
v -0.030588 0.005085 -0.007958
v -0.035478 0.001840 -0.012285
v -0.032836 -0.002234 -0.013071
v -0.037389 -0.001122 -0.014721
v -0.024261 -0.001084 -0.008813
v -0.017823 0.001515 -0.004859
v -0.031631 -0.005885 -0.012866
v -0.040330 -0.015978 -0.013418
v -0.043391 -0.014118 -0.016564
v -0.038099 -0.013451 -0.013717
v -0.040629 -0.011532 -0.016213
v -0.045755 -0.011711 -0.019146
v -0.047683 -0.014956 -0.019103
v -0.027078 -0.013716 -0.007416
v -0.016638 -0.011433 -0.003478
v -0.031990 -0.012588 -0.010733
v -0.021790 -0.015507 -0.003752
v -0.024423 -0.009676 -0.008176
v -0.034520 -0.010493 -0.013174
v -0.038133 -0.009253 -0.015705
v -0.041895 -0.009809 -0.017564
v -0.040394 -0.006573 -0.017483
v -0.039308 -0.004888 -0.016743
v -0.044515 -0.008364 -0.019261
v -0.043784 -0.005555 -0.018881
v -0.039590 -0.008022 -0.016816
v -0.036812 -0.003426 -0.015162
v -0.041309 -0.003144 -0.017085
v -0.050444 -0.016781 -0.020903
v -0.050094 -0.013118 -0.021561
v -0.052445 -0.009835 -0.023425
v -0.053074 -0.015875 -0.023707
v -0.056656 -0.014913 -0.027046
v -0.055002 -0.020838 -0.025550
v -0.056891 -0.005701 -0.025917
v -0.063821 -0.002482 -0.031462
v -0.061803 -0.014858 -0.031770
v -0.059229 -0.022219 -0.029927
v -0.048529 -0.009929 -0.021117
v -0.047922 -0.006739 -0.020736
v -0.052838 0.000635 -0.020890
v -0.057028 0.003785 -0.022916
v -0.049855 -0.003268 -0.020715
v -0.046725 0.002345 -0.016547
v -0.049957 0.005615 -0.016692
v -0.052107 0.009603 -0.016299
v -0.044951 0.010390 -0.010759
v -0.046554 0.014289 -0.009758
v -0.042228 0.007009 -0.011395
v -0.045481 -0.003773 -0.018988
v -0.042519 -0.000378 -0.016226
v -0.038932 0.004085 -0.011968
v -0.033422 0.008039 -0.006676
v -0.025791 0.011745 -0.000670
v -0.023872 0.008283 -0.002884
v -0.015279 0.015114 0.005307
v -0.014608 0.011121 0.002519
v -0.002587 0.039861 0.016092
v -0.023619 0.038412 0.011822
v -0.014398 0.007133 -0.000255
v -0.007388 0.004542 0.001027
v -0.003104 0.004247 0.002472
v -0.004840 0.008513 0.003879
v 0.036409 0.002417 0.006191
v 0.030591 0.006141 0.008072
v 0.024264 0.001785 0.006085
v 0.046032 0.003204 0.006777
v 0.039226 0.007252 0.009090
v 0.015710 0.010014 0.009116
v 0.008190 0.005931 0.005892
v 0.018070 0.005371 0.007008
v 0.024606 0.009437 0.009513
v 0.020968 0.013173 0.011950
v 0.031031 0.010946 0.011244
v -0.001347 0.013515 0.007961
v -0.021490 0.004863 -0.004513
v -0.012731 0.003294 -0.001713
v 0.053085 0.003448 0.007833
v 0.046113 0.008334 0.010398
v 0.058194 -0.001208 0.006380
v 0.063550 -0.001853 0.006730
v 0.058741 0.003349 0.007889
v 0.051298 0.009347 0.010308
v 0.036477 0.012946 0.013305
v 0.040744 0.015208 0.013903
v 0.025046 0.019192 0.016122
v 0.026008 0.015169 0.014280
v -0.002993 0.018012 0.010257
v -0.004404 0.021898 0.011219
v 0.029975 0.023232 0.015652
v 0.045976 0.017683 0.012181
v 0.034011 0.027515 0.014284
v 0.046335 0.022454 0.011685
v -0.000321 0.028182 0.012356
v -0.006126 0.025267 0.011488
v 0.046438 -0.014960 0.008945
v 0.054145 -0.013776 0.008222
v 0.043125 -0.012951 0.007136
v 0.050948 -0.010997 0.006144
v 0.038127 -0.011822 0.005802
v 0.056146 -0.008548 0.005986
v 0.061678 -0.009672 0.006987
v 0.031262 -0.011382 0.005409
v 0.063837 0.002605 0.006999
v 0.068655 -0.002507 0.006350
v 0.068270 0.006329 0.006820
v 0.073032 -0.002195 0.006162
v 0.056321 0.018213 0.009462
v 0.057779 0.009368 0.008632
v 0.066299 -0.010544 0.007226
v 0.059254 -0.015007 0.008697
v 0.070164 -0.011027 0.007217
v 0.063315 -0.016234 0.008863
v 0.035682 -0.024758 0.012924
v 0.036417 -0.028721 0.013322
v 0.047943 -0.020428 0.010928
v 0.051375 -0.022591 0.011223
v 0.004244 -0.039776 0.010954
v -0.010418 -0.040233 0.006226
v 0.005685 -0.044906 0.011877
v -0.009469 -0.046094 0.007145
v 0.025794 -0.042268 0.015635
v 0.023336 -0.037869 0.014348
v -0.055151 -0.033885 -0.025045
v -0.060285 -0.038938 -0.028175
v -0.052625 -0.042486 -0.020159
v -0.048487 -0.036416 -0.018342
v -0.040826 -0.037844 -0.011686
v -0.044447 -0.043260 -0.013362
v -0.034610 -0.044889 -0.005971
v -0.032695 -0.037399 -0.005620
v -0.023059 -0.039742 0.000155
v -0.022611 -0.046471 0.001267
v -0.068467 -0.017418 -0.038451
v -0.072199 -0.002785 -0.041204
v -0.075081 -0.020603 -0.045723
v -0.081425 -0.004611 -0.050421
v 0.076503 0.008261 0.008013
v 0.077140 -0.000105 0.007068
v 0.082958 0.011925 0.012480
v 0.084087 0.001122 0.011142
v 0.077927 0.025126 0.016152
v 0.068757 0.019983 0.010082
v 0.074182 -0.011438 0.007991
v 0.067440 -0.017726 0.009513
v 0.079808 -0.012211 0.011035
v 0.072634 -0.020069 0.012018
v 0.040491 -0.031795 0.013771
v 0.043779 -0.036048 0.015041
v 0.055065 -0.025173 0.011881
v 0.059613 -0.028892 0.013779
v -0.058558 0.053618 0.000873
v -0.048375 0.041700 0.003921
v -0.032118 0.047287 0.013626
v -0.041369 0.061437 0.014241
v -0.070468 0.070149 -0.007591
v -0.080300 0.055191 -0.020151
v -0.069664 0.043465 -0.011836
v -0.059567 0.034449 -0.006283
v -0.075735 0.009856 -0.037960
v -0.068455 0.009582 -0.031090
v -0.068429 0.018273 -0.024951
v -0.076167 0.020325 -0.031483
v -0.084964 0.009822 -0.047253
v -0.086640 0.023950 -0.040033
v -0.073905 0.031034 -0.022305
v -0.065223 0.026207 -0.016436
v -0.084981 0.037959 -0.030021
v 0.044330 0.046154 0.023364
v 0.041543 0.039618 0.017413
v 0.053620 0.029366 0.012326
v 0.059224 0.033628 0.016306
v 0.049242 0.052100 0.027981
v 0.068266 0.036993 0.020547
v -0.011671 0.063647 0.026519
v -0.006639 0.049681 0.020816
v 0.033767 0.031145 0.013288
v 0.042218 0.026968 0.012501
v 0.037700 0.031542 0.012792
v 0.047344 0.026015 0.011633
v -0.025945 0.027541 0.005935
v -0.033593 0.029358 0.004426
v -0.044917 0.024754 -0.002987
v -0.038364 0.023296 -0.000567
v -0.046815 0.018854 -0.007608
v -0.052864 0.020039 -0.010793
v -0.058960 0.014686 -0.018945
v -0.053035 0.014306 -0.014567
v -0.057075 0.010010 -0.020210
v -0.061747 0.008167 -0.025310
v 0.045827 0.030559 0.013001
v 0.037093 0.034265 0.014690
v -0.040018 0.033650 0.004764
v -0.051064 0.028434 -0.003991
v -0.058563 0.022762 -0.012952
v -0.063060 0.017781 -0.020091
v -0.064282 0.012921 -0.024759
v 0.103512 -0.033936 0.070884
v 0.091269 -0.049082 0.058478
v 0.102798 -0.045111 0.080690
v 0.091226 -0.058872 0.067759
v 0.095625 -0.112740 0.140885
v -0.095908 0.009116 -0.060095
v -0.092390 -0.010553 -0.063323
v -0.097977 0.029644 -0.053995
v -0.085982 -0.031419 -0.055179
v 0.076854 -0.063369 0.048748
v 0.078235 -0.072073 0.057204
v 0.079363 -0.082726 0.065617
v 0.063623 -0.083761 0.048304
v 0.065837 -0.096209 0.056003
v 0.092547 -0.080960 0.088402
v 0.091414 -0.069935 0.077732
v 0.081578 -0.093050 0.074013
v 0.082386 -0.105751 0.081922
v 0.092043 -0.093405 0.098393
v 0.049952 -0.108119 0.049907
v 0.069014 -0.107324 0.062103
v 0.045472 -0.094486 0.041972
v 0.090080 -0.107790 0.111893
v 0.097814 -0.098629 0.126487
v 0.099968 -0.083577 0.112876
v 0.061101 -0.074330 0.040848
v 0.040632 -0.083637 0.035641
v 0.025790 -0.103523 0.039185
v 0.002205 -0.098428 0.028340
v 0.020673 -0.090233 0.032256
v -0.036329 -0.094354 0.011150
v -0.017134 -0.107191 0.023868
v -0.019020 -0.088852 0.015772
v -0.056113 -0.101177 0.004345
v -0.052189 -0.080772 -0.002281
v 0.007878 -0.052656 0.014510
v 0.028483 -0.049749 0.018183
v -0.007798 -0.054178 0.009701
v -0.034824 -0.077891 0.004918
v -0.020204 -0.074890 0.010458
v -0.068527 -0.050540 -0.029457
v -0.058857 -0.053674 -0.019903
v -0.034512 -0.055644 -0.002401
v -0.021939 -0.055298 0.003951
v -0.047396 -0.054772 -0.010759
v 0.047712 -0.042700 0.018003
v 0.065495 -0.033971 0.017759
v 0.102178 -0.070068 0.102403
v 0.102533 -0.057521 0.091104
v 0.079517 0.038545 0.027258
v 0.089097 0.026417 0.024407
v 0.113490 0.028460 0.054318
v 0.062905 0.056670 0.037514
v 0.079081 -0.023373 0.017678
v 0.087763 -0.012942 0.018012
v 0.093295 0.000592 0.019692
v 0.094176 0.013558 0.021436
v 0.029873 0.085752 0.049501
v -0.074222 0.092703 -0.020916
v -0.087756 0.074715 -0.034292
v -0.095818 0.052690 -0.045907
v 0.076760 -0.006252 0.007577
v 0.112049 -0.074356 0.126530
v 0.082971 -0.005628 0.011018
v 0.114007 -0.046257 0.102689
v 0.106718 -0.008150 0.047782
v 0.113909 -0.060655 0.115018
v 0.069236 -0.007385 0.006662
v 0.055513 -0.004602 0.004614
v 0.072498 -0.006603 0.006521
v 0.112618 -0.012365 0.066258
v 0.065324 -0.006235 0.006657
v 0.061238 -0.005337 0.006072
v 0.109369 -0.089767 0.139624
v 0.046528 -0.003730 0.003143
v 0.091577 -0.005846 0.018824
v 0.114080 -0.022052 0.081669
v 0.114576 -0.033949 0.093742
v 0.107885 -0.105640 0.154232
v 0.017813 0.056683 0.028353
v 0.018249 0.046351 0.022043
v 0.047528 0.069854 0.044191
v 0.100280 0.070692 0.061197
v 0.009695 0.024608 0.014583
v 0.010866 0.013062 0.010351
v 0.018873 0.037891 0.016571
v 0.012521 0.016559 0.013083
v 0.008083 0.020611 0.014241
v 0.020506 0.033517 0.014374
v 0.020634 0.031713 0.014280
v 0.026106 0.065938 0.035650
v 0.016223 0.028905 0.014532
v 0.005309 0.009933 0.007312
v 0.001137 0.005589 0.004251
v -0.090906 0.087428 -0.047476
v -0.063534 -0.066828 -0.016649
v -0.074918 -0.063138 -0.027542
v 0.064012 0.086996 0.058418
v -0.094775 -0.042371 -0.058992
v -0.100469 -0.017700 -0.071509
v 0.085818 0.056499 0.047393
v -0.021234 -0.063891 0.006410
v -0.034268 -0.065738 0.000608
v -0.090851 -0.051519 -0.049925
v 0.102845 0.027904 0.039416
v 0.095091 0.039981 0.039903
v 0.051046 -0.049343 0.021692
v -0.100546 0.060949 -0.058347
v 0.010131 -0.059244 0.017225
v -0.084195 -0.058581 -0.038759
v -0.006396 -0.061988 0.012360
v 0.105162 0.014447 0.037215
v 0.070181 -0.039511 0.023124
v 0.084878 -0.027024 0.025138
v 0.095356 -0.014362 0.028870
v 0.103495 -0.000088 0.034637
v 0.030740 -0.055858 0.020991
v -0.049119 -0.066738 -0.007287
v 0.100122 -0.006966 0.032427
v 0.074661 0.070752 0.054246
v -0.001903 -0.002798 0.000198
vn -0.8963 0.1559 0.4150
vn -0.3113 -0.5040 0.8056
vn -0.4337 -0.1838 0.8821
vn -0.9248 0.0389 0.3785
vn -0.3897 -0.2733 0.8795
vn -0.6288 -0.4276 0.6494
vn -0.1572 0.3921 0.9064
vn -0.5133 0.4906 0.7041
vn -0.3615 0.6149 0.7008
vn -0.3615 0.6149 0.7009
vn -0.2707 0.3611 0.8924
vn -0.6336 -0.2908 0.7169
vn 0.0375 0.0775 0.9963
vn 0.0375 0.0773 0.9963
vn -0.8771 -0.2159 0.4291
vn -0.4286 -0.4884 0.7601
vn -0.6621 0.2312 0.7129
vn -0.4708 -0.1452 0.8702
vn -0.6407 -0.3171 0.6993
vn -0.4874 -0.3947 0.7789
vn -0.6973 -0.1330 0.7043
vn 0.0400 0.1396 0.9894
vn -0.1377 0.0198 0.9903
vn -0.1377 0.0201 0.9903
vn -0.5145 0.1345 0.8469
vn -0.5143 0.1345 0.8470
vn -0.2171 -0.5057 0.8350
vn 0.0241 0.0481 0.9986
vn 0.2618 0.1136 0.9584
vn 0.2621 0.1139 0.9583
vn -0.7358 -0.4144 0.5357
vn -0.2623 -0.5143 0.8165
vn -0.8245 -0.1102 0.5550
vn -0.1868 -0.5000 0.8456
vn -0.2385 0.5298 0.8139
vn -0.2387 0.5291 0.8143
vn -0.3629 0.4714 0.8038
vn -0.6894 -0.0994 0.7175
vn 0.0048 0.3521 0.9359
vn -0.2924 -0.5412 0.7884
vn -0.2925 -0.5413 0.7883
vn -0.6333 -0.1156 0.7652
vn -0.6332 -0.1153 0.7654
vn -0.1207 -0.4149 0.9018
vn -0.4626 -0.5321 0.7092
vn -0.7470 0.3061 0.5902
vn -0.6500 -0.3474 0.6758
vn -0.4796 0.1740 0.8601
vn -0.1548 -0.5863 0.7952
vn -0.2538 -0.2546 0.9331
vn -0.8348 0.4269 0.3475
vn -0.4089 0.0764 0.9094
vn -0.8770 0.3870 0.2848
vn -0.0429 0.2970 0.9539
vn -0.3604 0.3516 0.8640
vn -0.4176 0.5835 0.6965
vn 0.0183 0.0660 0.9977
vn -0.8071 0.2742 0.5228
vn 0.0086 0.3904 0.9206
vn -0.5957 0.3485 0.7236
vn -0.3880 0.2861 0.8761
vn -0.4620 0.3151 0.8290
vn -0.6402 -0.3112 0.7024
vn -0.1907 -0.4663 0.8638
vn -0.2217 0.3284 0.9181
vn -0.2699 -0.2679 0.9249
vn -0.7639 -0.0082 0.6453
vn -0.7283 -0.0483 0.6835
vn -0.7651 0.3081 0.5654
vn -0.3526 -0.0300 0.9353
vn -0.3124 0.2730 0.9099
vn -0.3123 0.2731 0.9099
vn -0.3127 0.2724 0.9099
vn -0.5790 0.2148 0.7865
vn 0.1044 0.1572 0.9820
vn -0.3903 -0.4562 0.7997
vn -0.2091 0.3106 0.9273
vn -0.3062 0.2571 0.9166
vn -0.6488 -0.3543 0.6734
vn -0.0117 0.2315 0.9728
vn -0.6909 0.3056 0.6552
vn -0.5612 -0.1510 0.8138
vn -0.4425 0.2464 0.8623
vn -0.1389 0.3711 0.9181
vn -0.4193 0.4629 0.7810
vn -0.4189 0.4631 0.7810
vn 0.0511 0.2108 0.9762
vn 0.0513 0.2105 0.9762
vn -0.3066 0.4015 0.8630
vn -0.7557 0.4205 0.5022
vn -0.6756 -0.0521 0.7355
vn -0.8375 0.4323 0.3343
vn -0.3171 0.3048 0.8981
vn -0.5915 -0.3788 0.7118
vn -0.0399 0.6312 0.7746
vn -0.4071 0.2780 0.8701
vn -0.4094 -0.0309 0.9118
vn -0.4931 0.5020 0.7105
vn -0.2808 0.4208 0.8626
vn -0.5742 -0.3301 0.7493
vn 0.0732 -0.0467 0.9962
vn 0.0733 -0.0451 0.9963
vn 0.0733 -0.0459 0.9963
vn -0.6224 -0.1043 0.7757
vn -0.3038 0.2518 0.9188
vn -0.6909 -0.0784 0.7187
vn -0.9324 0.0478 0.3582
vn -0.0110 0.0763 0.9970
vn -0.4202 0.5009 0.7567
vn -0.8528 0.3153 0.4164
vn -0.5032 0.3068 0.8078
vn -0.5032 0.3065 0.8080
vn -0.2944 -0.5702 0.7669
vn -0.6134 0.3238 0.7204
vn -0.6975 0.3082 0.6469
vn -0.3073 -0.5804 0.7541
vn -0.1057 -0.4662 0.8784
vn -0.4154 0.4509 0.7900
vn -0.6112 0.3070 0.7295
vn -0.8790 0.0729 0.4712
vn -0.5255 -0.2402 0.8162
vn -0.9105 0.3365 0.2402
vn -0.6942 0.3341 0.6375
vn -0.6372 0.4827 0.6009
vn -0.0104 0.2782 0.9605
vn -0.0106 0.2784 0.9604
vn -0.8576 0.4616 0.2268
vn -0.5042 0.3858 0.7726
vn -0.1925 0.4574 0.8682
vn -0.8479 0.3895 0.3596
vn -0.7144 -0.3126 0.6260
vn -0.0744 -0.5945 0.8006
vn -0.6156 0.3598 0.7011
vn 0.1015 0.2919 0.9511
vn 0.1014 0.2919 0.9511
vn -0.3517 -0.2640 0.8981
vn -0.7294 0.0425 0.6828
vn -0.7220 0.0140 0.6918
vn -0.9019 0.1516 0.4045
vn -0.0220 0.1420 0.9896
vn -0.9075 0.1906 0.3742
vn -0.6501 -0.1160 0.7510
vn -0.4999 -0.1577 0.8516
vn -0.2587 0.1473 0.9547
vn -0.4313 -0.1911 0.8817
vn -0.3750 0.3472 0.8595
vn -0.3752 0.5938 0.7118
vn -0.1212 0.8006 0.5869
vn -0.0968 0.7885 0.6073
vn 0.0962 -0.1735 0.9801
vn 0.0256 -0.0192 0.9995
vn -0.1961 -0.1780 0.9643
vn -0.1961 -0.1778 0.9643
vn -0.1207 0.2431 0.9625
vn -0.2237 0.5790 0.7841
vn -0.6578 0.0478 0.7517
vn -0.0569 0.6546 0.7539
vn -0.0569 0.6544 0.7540
vn -0.2378 0.0472 0.9702
vn -0.6661 0.0195 0.7456
vn 0.0265 0.0670 0.9974
vn 0.0265 0.0671 0.9974
vn 0.1143 0.2173 0.9694
vn -0.1656 0.0492 0.9850
vn -0.2624 0.0195 0.9648
vn -0.3168 -0.1595 0.9350
vn -0.0141 -0.2309 0.9729
vn -0.5672 0.4102 0.7142
vn -0.5794 0.3621 0.7301
vn -0.5792 0.3624 0.7302
vn -0.3859 0.5332 0.7528
vn -0.4411 0.2371 0.8656
vn -0.6002 0.2491 0.7600
vn -0.5683 0.1773 0.8035
vn -0.3509 0.4431 0.8249
vn -0.3508 0.4435 0.8247
vn -0.5122 -0.0646 0.8565
vn -0.6079 -0.0756 0.7904
vn -0.3804 -0.4956 0.7808
vn -0.4440 0.5449 0.7113
vn -0.4439 0.5450 0.7113
vn -0.2062 0.5901 0.7805
vn -0.1889 0.8039 0.5640
vn -0.2915 0.6064 0.7398
vn -0.2914 0.6066 0.7397
vn -0.3159 0.5061 0.8026
vn -0.3158 0.5060 0.8026
vn -0.2682 0.3706 0.8892
vn -0.1641 0.3288 0.9300
vn -0.1641 0.3287 0.9301
vn -0.7165 0.0032 0.6976
vn -0.1557 0.2107 0.9651
vn -0.1555 0.2102 0.9652
vn -0.0986 0.2089 0.9729
vn -0.1239 -0.3151 0.9409
vn -0.1241 -0.3147 0.9411
vn -0.8150 0.3826 0.4352
vn -0.3763 -0.5037 0.7776
vn -0.3048 -0.4367 0.8464
vn -0.3937 -0.2917 0.8717
vn -0.3940 -0.2914 0.8717
vn -0.3926 -0.3976 0.8293
vn -0.6088 0.3819 0.6953
vn -0.6476 -0.4063 0.6446
vn -0.9024 0.1107 0.4165
vn -0.4337 0.4338 0.7898
vn -0.7939 -0.1991 0.5745
vn -0.0273 0.1245 0.9918
vn -0.0279 0.1246 0.9918
vn -0.4947 0.2547 0.8309
vn -0.4304 0.4149 0.8016
vn -0.4304 0.4145 0.8019
vn -0.4305 0.4151 0.8015
vn -0.4581 -0.0934 0.8840
vn -0.4582 -0.0932 0.8840
vn -0.4581 -0.0935 0.8840
vn -0.3873 -0.0241 0.9217
vn -0.4462 0.2119 0.8695
vn -0.4464 0.2116 0.8695
vn -0.4701 0.1403 0.8714
vn -0.4613 -0.1569 0.8732
vn -0.4407 -0.0954 0.8926
vn -0.6840 0.1951 0.7029
vn -0.6837 0.1954 0.7032
vn -0.6839 0.1952 0.7030
vn -0.5994 0.0250 0.8001
vn -0.5996 0.0246 0.7999
vn -0.7162 0.0705 0.6943
vn -0.3784 -0.3152 0.8703
vn -0.4536 0.1980 0.8689
vn -0.5079 -0.0061 0.8614
vn -0.5698 -0.2553 0.7811
vn -0.5869 -0.2957 0.7537
vn -0.5438 -0.3678 0.7543
vn -0.5437 -0.3675 0.7545
vn -0.5093 -0.4043 0.7597
vn -0.3109 -0.4034 0.8606
vn -0.3800 -0.2168 0.8992
vn -0.3801 -0.2171 0.8991
vn -0.3272 -0.4079 0.8524
vn -0.3270 -0.4085 0.8521
vn -0.2529 -0.5820 0.7729
vn -0.1136 -0.4971 0.8602
vn 0.1390 -0.3656 0.9204
vn -0.1844 -0.4965 0.8483
vn -0.1842 -0.4961 0.8485
vn -0.1843 -0.4962 0.8484
vn -0.2835 -0.5661 0.7741
vn -0.2029 0.1181 0.9721
vn -0.2026 0.1181 0.9721
vn -0.0616 -0.6298 0.7743
vn -0.1799 -0.5513 0.8147
vn 0.2380 0.0827 0.9677
vn 0.0348 0.2741 0.9611
vn 0.0897 0.4385 0.8942
vn -0.0644 0.6298 0.7741
vn -0.0861 0.7465 0.6598
vn -0.0438 0.5012 0.8642
vn -0.2398 -0.2922 0.9258
vn -0.1594 0.3914 0.9063
vn -0.1593 0.3915 0.9063
vn -0.1595 0.3913 0.9063
vn -0.1830 0.4449 0.8767
vn -0.0325 0.3343 0.9419
vn -0.0327 0.3341 0.9420
vn -0.1022 0.4280 0.8980
vn 0.0663 -0.0643 0.9957
vn 0.0660 -0.0644 0.9957
vn 0.1574 -0.0963 0.9828
vn 0.2495 0.0811 0.9650
vn 0.2494 0.0815 0.9650
vn 0.0348 -0.0402 0.9986
vn 0.0348 -0.0401 0.9986
vn 0.0348 -0.0403 0.9986
vn -0.3031 0.0857 0.9491
vn -0.6926 0.0628 0.7186
vn -0.6927 0.0625 0.7185
vn -0.6998 0.2183 0.6801
vn -0.6554 0.2182 0.7230
vn -0.5030 0.1081 0.8575
vn -0.6165 0.1917 0.7636
vn -0.5800 0.1394 0.8026
vn -0.0841 -0.5040 0.8596
vn -0.8873 0.1278 0.4432
vn 0.0991 -0.2345 0.9670
vn -0.0868 -0.2285 0.9697
vn -0.3776 0.4462 0.8113
vn -0.3354 0.0515 0.9407
vn -0.2506 0.2005 0.9471
vn -0.2504 0.2004 0.9472
vn -0.3895 0.5642 0.7280
vn -0.6766 -0.1597 0.7188
vn -0.6492 -0.4113 0.6398
vn -0.0471 -0.5220 0.8516
vn 0.2214 0.2713 0.9367
vn 0.1880 0.1238 0.9743
vn 0.1081 0.1550 0.9820
vn 0.1612 -0.0314 0.9864
vn -0.2186 0.1475 0.9646
vn -0.2960 0.0124 0.9551
vn -0.2960 0.0122 0.9551
vn -0.2960 0.0123 0.9551
vn -0.2550 -0.3140 0.9145
vn -0.4376 -0.0901 0.8946
vn -0.6985 -0.0462 0.7141
vn -0.6986 -0.0462 0.7140
vn -0.6988 -0.0461 0.7139
vn -0.0150 -0.4435 0.8961
vn -0.0616 -0.3065 0.9499
vn 0.0411 -0.2754 0.9604
vn 0.0408 -0.2756 0.9604
vn -0.0648 -0.4672 0.8818
vn -0.1940 -0.4835 0.8536
vn -0.5843 -0.4395 0.6823
vn -0.4975 0.3530 0.7924
vn -0.6424 -0.4163 0.6434
vn -0.5600 -0.4963 0.6634
vn -0.6188 -0.4579 0.6382
vn -0.6192 -0.4574 0.6382
vn -0.6188 -0.4580 0.6382
vn -0.5611 -0.1256 0.8182
vn -0.5608 -0.1252 0.8184
vn -0.9042 0.1547 0.3981
vn -0.3317 -0.2610 0.9066
vn -0.3317 -0.2609 0.9066
vn -0.3112 -0.6678 0.6761
vn -0.0148 -0.3127 0.9497
vn -0.1116 -0.5543 0.8248
vn -0.4340 -0.0783 0.8975
vn -0.2415 -0.4589 0.8550
vn -0.3754 -0.4085 0.8320
vn -0.3757 -0.4084 0.8319
vn -0.6601 -0.3835 0.6460
vn -0.5523 -0.4791 0.6822
vn -0.6622 0.2913 0.6904
vn -0.6477 0.2235 0.7284
vn -0.6473 0.2236 0.7287
vn -0.3132 0.3018 0.9005
vn -0.1639 -0.6250 0.7632
vn -0.0979 -0.4033 0.9098
vn -0.8262 -0.0196 0.5630
vn -0.5475 -0.1249 0.8275
vn -0.5980 0.1158 0.7931
vn 0.0465 -0.0511 0.9976
vn 0.0535 -0.1860 0.9811
vn 0.0536 -0.1857 0.9811
vn -0.3438 0.3495 0.8716
vn -0.4699 0.2742 0.8391
vn -0.2011 -0.5038 0.8401
vn -0.7498 0.3148 0.5820
vn -0.2048 -0.1048 0.9732
vn -0.1621 -0.4596 0.8732
vn -0.2606 0.0956 0.9607
vn -0.3799 0.3007 0.8748
vn -0.3631 0.1456 0.9203
vn -0.3631 0.1452 0.9204
vn -0.7209 0.2672 0.6394
vn -0.1494 -0.4404 0.8853
vn -0.2743 -0.4755 0.8358
vn -0.2734 -0.4748 0.8365
vn -0.2742 -0.4755 0.8359
vn -0.7192 -0.0008 0.6948
vn -0.2458 0.2174 0.9446
vn -0.1977 -0.5178 0.8323
vn -0.5000 0.3895 0.7735
vn -0.0535 -0.3492 0.9355
vn -0.8798 -0.2204 0.4211
vn -0.0245 0.3998 0.9163
vn -0.0244 0.3992 0.9166
vn -0.0908 0.3636 0.9271
vn -0.0906 0.3634 0.9272
vn -0.5080 -0.3613 0.7819
vn -0.5877 0.3193 0.7434
vn -0.5877 0.3192 0.7434
vn -0.3915 -0.3424 0.8541
vn -0.7977 -0.2853 0.5314
vn -0.7712 0.1333 0.6225
vn -0.7713 0.1338 0.6223
vn -0.6140 0.2969 0.7313
vn -0.8518 -0.0663 0.5196
vn -0.4077 0.3557 0.8410
vn -0.6592 0.0076 0.7520
vn -0.7920 -0.3497 0.5005
vn -0.7287 -0.0829 0.6798
vn -0.1147 -0.1201 0.9861
vn -0.1149 -0.1198 0.9861
vn -0.9020 0.1854 0.3899
vn -0.7402 0.3215 0.5905
vn -0.0125 0.1291 0.9915
vn -0.1320 0.5742 0.8080
vn -0.7384 0.4493 0.5029
vn -0.8999 0.3573 0.2500
vn -0.8807 -0.0813 0.4667
vn -0.3145 0.2945 0.9024
vn -0.5647 -0.1146 0.8173
vn -0.0278 -0.5489 0.8354
vn -0.0276 -0.5484 0.8358
vn -0.3192 0.3428 0.8835
vn -0.0613 0.6216 0.7809
vn -0.0963 -0.5015 0.8598
vn -0.7489 -0.0612 0.6598
vn -0.6547 -0.1253 0.7455
vn -0.6799 0.3649 0.6361
vn -0.2657 -0.6639 0.6990
vn -0.7022 0.0720 0.7083
vn -0.2493 -0.5020 0.8282
vn -0.5650 0.5510 0.6142
vn -0.7183 0.2321 0.6559
vn -0.8614 0.0324 0.5068
vn -0.1939 -0.1370 0.9714
vn -0.1939 -0.1372 0.9714
vn -0.7045 0.4608 0.5397
vn -0.3911 0.2982 0.8707
vn -0.3044 0.3319 0.8928
vn -0.5781 0.4596 0.6742
vn -0.7552 -0.0700 0.6517
vn -0.3568 -0.3741 0.8560
vn -0.8586 0.3929 0.3293
vn -0.5997 -0.4255 0.6777
vn -0.5998 -0.4258 0.6775
vn -0.8858 0.2322 0.4018
vn -0.1178 0.3451 0.9312
vn -0.5740 0.3816 0.7245
vn -0.2103 0.2607 0.9423
vn -0.2533 -0.4197 0.8716
vn -0.5071 0.3725 0.7772
vn -0.8010 0.3925 0.4520
vn -0.2842 -0.5575 0.7800
vn -0.5388 0.2050 0.8171
vn -0.3733 0.3377 0.8641
vn -0.6142 0.3683 0.6980
vn -0.6145 0.3682 0.6977
vn -0.2062 0.4444 0.8718
vn 0.0062 0.1524 0.9883
vn -0.6237 0.5626 0.5426
vn -0.8377 0.4419 0.3209
vn -0.7178 0.4333 0.5450
vn -0.4893 0.5475 0.6789
vn -0.4895 0.2863 0.8237
vn -0.5452 0.3542 0.7598
vn -0.3199 -0.6021 0.7315
vn -0.2093 0.3920 0.8958
vn -0.5014 -0.4772 0.7217
vn -0.4805 0.2121 0.8509
vn -0.8608 0.3216 0.3946
vn -0.5244 0.2896 0.8007
vn -0.7550 0.1497 0.6384
vn -0.4826 -0.3326 0.8102
vn -0.0719 -0.0555 0.9959
vn -0.3165 0.0113 0.9485
vn -0.3162 0.0111 0.9486
vn -0.5439 -0.4113 0.7314
vn -0.7906 0.2290 0.5679
vn -0.3436 -0.4611 0.8181
vn -0.9267 -0.0302 0.3746
vn -0.8523 0.3618 0.3777
vn -0.2162 -0.3890 0.8955
vn -0.6372 0.0382 0.7698
vn -0.2621 0.3912 0.8822
vn -0.1572 -0.4934 0.8555
vn -0.4022 0.2383 0.8840
vn -0.6321 0.3782 0.6764
vn -0.7235 -0.1845 0.6652
vn -0.4994 -0.4660 0.7304
vn -0.6342 -0.0129 0.7731
vn -0.2108 -0.2651 0.9409
vn -0.4538 -0.3871 0.8026
vn -0.2021 0.0012 0.9794
vn -0.4889 0.2371 0.8395
vn -0.4890 0.2374 0.8393
vn -0.4245 0.4833 0.7656
vn -0.6515 0.3715 0.6614
vn -0.7066 0.0576 0.7053
vn -0.7363 0.0038 0.6767
vn -0.3065 0.2288 0.9240
vn -0.6241 0.5599 0.5450
vn -0.0119 -0.1245 0.9921
vn -0.9084 0.0783 0.4107
vn -0.5851 0.3908 0.7106
vn -0.0107 -0.5095 0.8604
vn -0.3574 0.3462 0.8674
vn -0.3006 -0.5990 0.7422
vn -0.8765 0.1971 0.4392
vn -0.6845 0.5271 0.5036
vn -0.0726 -0.5736 0.8159
vn -0.4266 0.3443 0.8363
vn -0.4268 0.3434 0.8366
vn -0.7598 0.2746 0.5893
vn -0.0742 0.3798 0.9221
vn -0.0745 0.3800 0.9220
vn -0.0746 0.3801 0.9219
vn -0.3779 -0.1167 0.9185
vn 0.0469 0.2855 0.9572
vn -0.7907 0.4930 0.3630
vn -0.5364 0.3145 0.7832
vn 0.0303 0.2874 0.9573
vn -0.3092 -0.5145 0.7998
vn -0.7362 0.3189 0.5969
vn -0.1203 0.0525 0.9913
vn -0.4846 -0.5721 0.6618
vn -0.6498 -0.0812 0.7557
vn -0.1180 0.0164 0.9929
vn -0.1176 0.0169 0.9929
vn -0.8301 0.0825 0.5515
vn -0.3341 0.3314 0.8823
vn -0.8848 0.4176 0.2067
vn -0.1370 0.1918 0.9718
vn -0.1369 0.1915 0.9719
vn -0.5899 0.2167 0.7778
vn -0.6254 -0.2438 0.7413
vn -0.3026 0.4714 0.8284
vn -0.3028 0.4710 0.8286
vn -0.3399 0.2667 0.9018
vn -0.3790 -0.0478 0.9242
vn -0.3790 -0.0479 0.9242
vn -0.6412 -0.4372 0.6307
vn -0.4434 -0.2211 0.8686
vn -0.2710 0.5565 0.7854
vn -0.2534 0.6299 0.7341
vn -0.3578 0.3693 0.8577
vn -0.3438 0.4347 0.8324
vn -0.5278 -0.0880 0.8448
vn -0.3228 -0.2839 0.9029
vn -0.3231 -0.2837 0.9028
vn -0.2252 0.3332 0.9156
vn -0.5409 -0.3862 0.7472
vn -0.5752 0.4002 0.7134
vn -0.7961 0.4662 0.3858
vn -0.1632 0.0413 0.9857
vn -0.8370 0.2801 0.4701
vn -0.3232 -0.5978 0.7336
vn -0.8064 0.2656 0.5284
vn -0.8161 0.3025 0.4925
vn -0.3033 -0.4187 0.8560
vn -0.7609 0.4482 0.4692
vn -0.8343 0.3752 0.4040
vn -0.2753 -0.6216 0.7334
vn -0.7500 0.3379 0.5686
vn 0.2502 -0.0494 0.9669
vn -0.7983 0.4451 0.4057
vn -0.4602 -0.4201 0.7821
vn 0.0787 0.2256 0.9710
vn -0.2718 -0.3494 0.8967
vn -0.3900 0.4598 0.7978
vn -0.3898 0.4599 0.7979
vn -0.4799 -0.1694 0.8608
vn -0.1486 0.3643 0.9193
vn -0.6329 0.5302 0.5642
vn -0.8538 0.3405 0.3938
vn -0.8382 0.2381 0.4907
vn -0.8423 0.1809 0.5077
vn -0.9092 0.2824 0.3059
vn -0.3898 0.4385 0.8098
vn -0.6840 0.4848 0.5450
vn -0.0429 -0.6625 0.7478
vn -0.2295 -0.5280 0.8177
vn -0.4388 0.3821 0.8133
vn -0.6531 0.4842 0.5823
vn -0.4091 -0.3869 0.8264
vn 0.0015 -0.4545 0.8908
vn -0.0655 0.1909 0.9794
vn -0.0540 -0.1684 0.9842
vn -0.1550 -0.4208 0.8938
vn -0.4040 0.3146 0.8590
vn -0.1366 0.2191 0.9661
vn -0.1242 -0.4380 0.8904
vn -0.1316 -0.5939 0.7937
vn -0.9197 0.3757 0.1141
vn -0.6655 0.4588 0.5888
vn -0.5535 -0.0548 0.8310
vn -0.8420 0.3421 0.4170
vn -0.6984 -0.0677 0.7125
vn -0.0058 0.5214 0.8533
vn -0.1860 0.4040 0.8956
vn -0.1864 0.4043 0.8954
vn -0.0826 0.1879 0.9787
vn -0.7768 -0.2348 0.5843
vn -0.3822 0.2250 0.8963
vn -0.3045 -0.0632 0.9504
vn -0.8633 0.3024 0.4041
vn -0.6251 0.1831 0.7587
vn -0.6254 0.1834 0.7585
vn -0.3926 0.3232 0.8610
vn 0.0101 -0.5692 0.8221
vn 0.0101 -0.5691 0.8222
vn -0.1288 0.3746 0.9182
vn -0.2436 0.2499 0.9371
vn -0.5189 0.4438 0.7306
vn -0.9196 0.0770 0.3852
vn -0.4120 -0.4760 0.7769
vn -0.0687 -0.5454 0.8354
vn -0.7364 -0.0954 0.6698
vn -0.4201 0.3628 0.8318
vn -0.3794 -0.1837 0.9068
vn -0.1272 0.2262 0.9657
vn -0.1228 -0.4410 0.8891
vn -0.1254 -0.4363 0.8910
vn -0.3746 -0.4045 0.8343
vn -0.3746 -0.4047 0.8342
vn -0.3564 -0.3636 0.8607
vn -0.1047 0.2998 0.9482
vn -0.3215 -0.3401 0.8837
vn -0.4101 0.2904 0.8646
vn -0.2976 0.1925 0.9351
vn -0.1937 -0.3690 0.9090
vn -0.1941 -0.3690 0.9089
vn -0.1223 -0.4428 0.8882
vn -0.3716 0.2539 0.8930
vn -0.3712 -0.3730 0.8503
vn -0.3713 -0.3736 0.8500
vn -0.2298 0.1916 0.9542
vn -0.2707 -0.3376 0.9015
vn -0.2708 -0.3376 0.9015
vn -0.1525 0.2377 0.9593
vn -0.8912 0.1209 0.4373
vn -0.0610 -0.6293 0.7748
vn -0.4018 -0.4063 0.8206
vn -0.4269 -0.2157 0.8782
vn -0.3383 0.5539 0.7608
vn -0.3378 0.5539 0.7609
vn -0.3376 0.5539 0.7611
vn -0.5761 -0.1000 0.8112
vn -0.5760 -0.1001 0.8113
vn -0.8993 0.0099 0.4372
vn -0.5137 0.0692 0.8552
vn -0.6244 -0.4402 0.6452
vn -0.3924 0.4208 0.8178
vn -0.3924 0.4209 0.8178
vn -0.3924 0.4210 0.8178
vn -0.1577 0.8260 0.5412
vn -0.0964 0.7441 0.6610
vn 0.1083 0.0508 0.9928
vn 0.1079 0.0506 0.9929
vn -0.1422 0.4913 0.8593
vn -0.2395 0.0890 0.9668
vn -0.0586 0.5437 0.8372
vn -0.2597 -0.0636 0.9636
vn 0.0809 0.2584 0.9627
vn -0.1493 -0.1680 0.9744
vn -0.3168 -0.1480 0.9369
vn -0.3169 -0.1475 0.9369
vn -0.5619 0.2837 0.7770
vn -0.5619 0.2835 0.7771
vn -0.5849 0.1902 0.7885
vn -0.4460 0.3441 0.8262
vn -0.5892 0.0969 0.8021
vn -0.5897 0.0964 0.8019
vn -0.5681 0.1536 0.8085
vn -0.3455 0.4034 0.8473
vn -0.3588 0.3143 0.8789
vn -0.7755 -0.0106 0.6312
vn -0.5082 0.1658 0.8451
vn -0.1508 0.8379 0.5246
vn -0.1380 0.7381 0.6604
vn -0.1380 0.7382 0.6604
vn -0.1778 0.7479 0.6395
vn -0.1510 0.8258 0.5433
vn -0.2905 0.6077 0.7391
vn -0.3215 0.5527 0.7689
vn -0.3214 0.5532 0.7686
vn -0.2970 0.2810 0.9126
vn -0.2300 0.1896 0.9545
vn -0.2301 0.1895 0.9545
vn -0.0884 0.4820 0.8717
vn -0.0884 0.4824 0.8715
vn -0.1500 -0.2503 0.9565
vn -0.1501 -0.2499 0.9566
vn -0.3589 -0.0172 0.9332
vn -0.3591 -0.0169 0.9331
vn -0.4468 0.2223 0.8665
vn -0.4479 0.1560 0.8804
vn -0.4479 0.1561 0.8804
vn -0.3851 -0.2654 0.8839
vn -0.4328 -0.0925 0.8967
vn -0.6845 0.1913 0.7035
vn -0.7682 0.1185 0.6291
vn -0.7683 0.1185 0.6290
vn -0.5015 0.1267 0.8558
vn -0.3835 -0.2190 0.8972
vn -0.0536 0.2474 0.9674
vn -0.3167 -0.4107 0.8550
vn -0.2472 -0.3926 0.8859
vn -0.1253 -0.4618 0.8781
vn -0.1253 -0.4619 0.8780
vn -0.1253 -0.4622 0.8779
vn -0.3200 -0.4546 0.8312
vn -0.3203 -0.4547 0.8310
vn -0.0975 -0.5417 0.8349
vn -0.0975 -0.5416 0.8350
vn -0.0647 -0.5748 0.8158
vn -0.1047 -0.5529 0.8267
vn -0.0710 -0.6154 0.7850
vn -0.0040 -0.4172 0.9088
vn -0.2543 -0.3184 0.9132
vn -0.1134 -0.0392 0.9928
vn 0.0112 0.4661 0.8846
vn 0.0113 0.4659 0.8848
vn -0.0145 0.5880 0.8087
vn -0.0543 0.6526 0.7557
vn -0.0541 0.6530 0.7555
vn -0.1593 -0.0813 0.9839
vn -0.1591 -0.0811 0.9839
vn 0.0083 0.2741 0.9617
vn -0.0185 0.1728 0.9848
vn 0.1366 -0.1152 0.9839
vn 0.1289 0.1198 0.9844
vn 0.1288 0.1202 0.9844
vn 0.1515 0.2477 0.9569
vn 0.1515 0.2476 0.9569
vn 0.2133 0.0179 0.9768
vn 0.1194 0.0550 0.9913
vn 0.1195 0.0547 0.9913
vn 0.0188 0.0599 0.9980
vn 0.0187 0.0600 0.9980
vn 0.1998 -0.0425 0.9789
vn -0.2520 -0.0763 0.9647
vn -0.2521 -0.0764 0.9647
vn -0.3055 -0.2171 0.9271
vn -0.1979 -0.3906 0.8991
vn -0.2772 -0.4714 0.8372
vn -0.6428 -0.3095 0.7007
vn 0.0118 -0.4333 0.9012
vn -0.0910 -0.5820 0.8081
vn -0.0910 -0.5819 0.8081
vn -0.0910 -0.5819 0.8082
vn 0.0230 -0.2434 0.9696
vn -0.4795 -0.3758 0.7930
vn -0.3997 -0.3253 0.8570
vn -0.6602 -0.2752 0.6988
vn -0.6150 -0.4538 0.6449
vn -0.6153 -0.4536 0.6447
vn -0.6673 0.0963 0.7385
vn -0.6674 0.0968 0.7384
vn -0.5647 -0.1145 0.8173
vn -0.0042 0.6299 0.7766
vn -0.0041 0.6297 0.7768
vn -0.6827 -0.0061 0.7307
vn -0.1555 0.0340 0.9873
vn -0.2253 0.3341 0.9152
vn -0.6180 0.2994 0.7270
vn -0.4786 0.2042 0.8539
vn -0.3992 0.5175 0.7568
vn -0.8022 0.2143 0.5573
vn -0.3757 0.0263 0.9264
vn -0.4927 -0.0975 0.8647
vn -0.6231 0.1950 0.7575
vn -0.6230 0.1951 0.7574
vn -0.3059 0.5032 0.8082
vn -0.3420 0.2617 0.9025
vn -0.3420 0.2618 0.9025
vn -0.3494 0.0530 0.9355
vn -0.3789 -0.0441 0.9244
vn -0.2170 0.6250 0.7498
vn -0.2578 0.6602 0.7054
vn -0.2576 0.6609 0.7049
vn -0.3456 0.3790 0.8585
vn -0.3453 0.3789 0.8586
vn -0.3044 0.5135 0.8023
vn -0.3044 0.5134 0.8024
vn -0.9038 0.2518 0.3460
vn 0.1076 0.0494 0.9930
vn 0.1077 0.0489 0.9930
vn -0.0584 0.2680 0.9617
vn -0.1297 -0.0160 0.9914
vn -0.0686 -0.0550 0.9961
vn -0.0686 -0.0549 0.9961
vn -0.1728 -0.5097 0.8428
vn -0.1881 0.0826 0.9787
vn -0.1342 -0.4054 0.9042
vn -0.1342 -0.4057 0.9041
vn -0.1828 -0.4430 0.8777
vn -0.8995 0.2379 0.3665
vn -0.8955 0.1441 0.4210
vn -0.2154 -0.2305 0.9489
vn -0.4149 -0.1608 0.8956
vn -0.9047 0.0876 0.4169
vn -0.3990 -0.2675 0.8771
vn -0.6452 -0.4398 0.6247
vn -0.6449 -0.4398 0.6250
vn -0.1854 0.2968 0.9368
vn -0.1855 0.2966 0.9368
vn -0.6547 0.5208 0.5479
vn -0.3114 0.6407 0.7018
vn -0.3113 0.6409 0.7017
vn -0.2979 0.3785 0.8763
vn -0.6712 -0.2324 0.7039
vn 0.0271 0.0670 0.9974
vn 0.0267 0.0672 0.9974
vn -0.7977 -0.1544 0.5829
vn -0.4169 -0.5186 0.7465
vn -0.4170 -0.5184 0.7466
vn -0.7340 0.0625 0.6762
vn -0.7340 0.0630 0.6763
vn -0.7340 0.0629 0.6762
vn -0.4716 -0.1457 0.8697
vn -0.3758 -0.5494 0.7463
vn -0.5315 -0.4547 0.7146
vn -0.6908 -0.1338 0.7106
vn 0.0217 0.1562 0.9875
vn -0.1082 0.1296 0.9856
vn -0.1081 0.1299 0.9856
vn -0.8690 0.1687 0.4651
vn -0.5385 0.3302 0.7752
vn -0.5379 0.3308 0.7754
vn -0.2161 -0.5830 0.7832
vn 0.0308 0.0269 0.9992
vn 0.2279 0.0947 0.9691
vn -0.7059 -0.2311 0.6695
vn -0.2501 -0.5865 0.7704
vn -0.6610 -0.1041 0.7432
vn -0.2111 -0.4753 0.8541
vn -0.2271 0.1609 0.9605
vn -0.5328 0.5193 0.6682
vn -0.7084 -0.1016 0.6985
vn 0.0745 0.3025 0.9502
vn -0.3457 -0.5202 0.7809
vn -0.3455 -0.5204 0.7809
vn -0.6513 -0.1182 0.7495
vn 0.1260 -0.5734 0.8095
vn -0.3620 -0.5687 0.7386
vn -0.7676 0.3210 0.5548
vn -0.6706 -0.3473 0.6555
vn -0.4739 0.2442 0.8460
vn -0.0867 -0.5653 0.8203
vn -0.1679 -0.3470 0.9227
vn -0.8505 0.4254 0.3095
vn -0.4260 0.1197 0.8968
vn -0.8873 0.4087 0.2139
vn 0.0407 0.3091 0.9502
vn -0.3598 0.3533 0.8636
vn -0.3616 0.6150 0.7008
vn 0.0764 0.0141 0.9970
vn 0.0765 0.0140 0.9970
vn -0.8293 0.0774 0.5534
vn -0.0995 0.3442 0.9336
vn -0.0992 0.3442 0.9336
vn -0.6001 0.3466 0.7210
vn -0.3770 0.2730 0.8851
vn -0.4072 0.3845 0.8284
vn -0.6628 -0.3546 0.6595
vn -0.0226 -0.4653 0.8849
vn -0.2226 0.3381 0.9144
vn -0.0807 -0.1331 0.9878
vn -0.7650 -0.0111 0.6439
vn -0.7117 -0.0590 0.7000
vn -0.7118 -0.0588 0.6999
vn -0.7764 0.3189 0.5436
vn -0.2904 -0.1050 0.9511
vn -0.2825 0.4326 0.8562
vn -0.7443 0.3164 0.5881
vn 0.1178 0.1208 0.9857
vn -0.4541 -0.3559 0.8168
vn -0.2039 0.2492 0.9468
vn -0.3128 0.2685 0.9111
vn -0.7192 -0.2960 0.6286
vn -0.0907 0.2467 0.9648
vn -0.6889 0.3002 0.6598
vn -0.5746 -0.1527 0.8041
vn -0.5748 -0.1530 0.8038
vn -0.4224 0.2171 0.8800
vn -0.2185 0.4445 0.8687
vn -0.5028 0.4357 0.7466
vn 0.0495 0.2117 0.9761
vn -0.3326 0.3205 0.8869
vn -0.7243 0.5282 0.4432
vn -0.7151 -0.0237 0.6986
vn -0.7150 -0.0239 0.6987
vn -0.8117 0.4346 0.3903
vn -0.1525 0.3107 0.9382
vn -0.1525 0.3108 0.9382
vn -0.5565 -0.4190 0.7175
vn -0.5569 -0.4186 0.7174
vn 0.0626 0.5828 0.8102
vn -0.4755 0.2056 0.8554
vn -0.5029 0.4354 0.7466
vn -0.5031 0.4350 0.7467
vn -0.4463 0.5417 0.7123
vn -0.5895 -0.3882 0.7084
vn -0.5896 -0.3877 0.7085
vn -0.5895 -0.3881 0.7084
vn 0.0841 0.2690 0.9595
vn -0.6195 -0.1459 0.7713
vn -0.3125 0.2119 0.9260
vn -0.7315 -0.0771 0.6775
vn -0.8913 0.1220 0.4367
vn -0.0132 0.0974 0.9952
vn -0.2984 0.4002 0.8665
vn -0.8776 0.3343 0.3437
vn -0.4681 0.2421 0.8498
vn -0.3137 -0.5590 0.7675
vn -0.6405 0.3730 0.6713
vn -0.5615 0.2874 0.7760
vn -0.2758 -0.5930 0.7565
vn -0.1115 -0.5214 0.8460
vn -0.5664 0.5590 0.6056
vn -0.6422 0.2869 0.7108
vn -0.9120 0.0476 0.4075
vn -0.4088 -0.3047 0.8603
vn -0.8795 0.4173 0.2288
vn -0.6934 0.3761 0.6147
vn -0.6724 0.3400 0.6575
vn 0.0139 0.2656 0.9640
vn -0.8549 0.4533 0.2524
vn -0.4938 0.3959 0.7742
vn -0.2023 0.4701 0.8591
vn -0.8748 0.3681 0.3150
vn -0.6843 -0.2356 0.6901
vn -0.0686 -0.4411 0.8948
vn -0.6225 0.3583 0.6958
vn -0.0095 0.3249 0.9457
vn -0.3509 -0.2684 0.8971
vn -0.6195 0.2368 0.7485
vn -0.8915 0.0839 0.4453
vn -0.0620 0.1061 0.9924
vn -0.8918 0.1751 0.4171
vn -0.6728 -0.1241 0.7293
vn -0.4835 -0.1345 0.8649
vn -0.4641 -0.3103 0.8297
vn -0.4642 -0.3098 0.8298
vn -0.2341 0.0112 0.9721
vn -0.7373 0.0738 0.6715
vn -0.7371 0.0738 0.6717
vn -0.6798 0.2754 0.6798
vn 0.1820 -0.1078 0.9774
vn 0.1823 -0.1073 0.9774
vn -0.4369 0.5055 0.7440
vn -0.4368 0.5056 0.7440
vn -0.3147 -0.5105 0.8002
vn -0.3145 -0.5107 0.8002
vn -0.3146 -0.5106 0.8002
vn -0.4330 0.5964 0.6759
vn -0.4330 0.5967 0.6756
vn -0.6954 -0.0039 0.7186
vn -0.8246 0.3571 0.4388
vn -0.6123 0.4131 0.6742
vn -0.6571 -0.4160 0.6286
vn -0.9072 0.1728 0.3835
vn -0.6115 -0.4197 0.6707
vn -0.0969 0.1967 0.9757
vn -0.0969 0.1968 0.9757
vn 0.0125 -0.4077 0.9130
vn 0.0121 -0.4080 0.9129
vn -0.3605 -0.2901 0.8865
vn -0.1617 0.0597 0.9850
vn -0.2946 0.7247 0.6229
vn -0.7149 -0.0589 0.6967
vn -0.4966 0.0866 0.8636
vn 0.1665 -0.5335 0.8293
vn -0.0355 -0.0991 0.9944
vn -0.3304 0.1810 0.9263
vn -0.4882 0.5155 0.7042
vn -0.4883 0.5154 0.7042
vn -0.6170 -0.0636 0.7844
vn -0.6827 -0.0563 0.7285
vn -0.5513 0.2991 0.7789
vn -0.6163 -0.1401 0.7749
vn -0.7721 0.0493 0.6335
vn -0.4046 -0.0185 0.9143
vn -0.2607 -0.6702 0.6949
vn -0.2306 -0.5115 0.8277
vn -0.1480 -0.5644 0.8121
vn -0.4501 -0.0374 0.8922
vn -0.3423 -0.5486 0.7628
vn -0.3287 -0.4071 0.8522
vn -0.3284 -0.4069 0.8524
vn -0.6780 -0.3905 0.6227
vn -0.5849 -0.4445 0.6785
vn -0.6532 0.3729 0.6590
vn -0.6966 0.0592 0.7150
vn -0.3100 0.2990 0.9025
vn -0.1421 -0.5693 0.8098
vn -0.0054 -0.4087 0.9127
vn -0.8204 -0.0073 0.5717
vn -0.6367 0.0084 0.7711
vn -0.5963 -0.0367 0.8019
vn 0.0818 -0.0494 0.9954
vn 0.3794 -0.1677 0.9099
vn -0.3647 0.3207 0.8741
vn -0.4440 0.2296 0.8661
vn -0.2519 -0.0222 0.9675
vn -0.7479 0.3279 0.5771
vn -0.1199 -0.2093 0.9705
vn -0.2857 -0.4783 0.8304
vn -0.2468 0.1090 0.9629
vn -0.3612 0.2849 0.8879
vn -0.4532 0.0433 0.8903
vn -0.4532 0.0434 0.8904
vn -0.6891 0.4028 0.6024
vn -0.1433 -0.4764 0.8674
vn -0.3958 -0.4696 0.7892
vn -0.2003 0.1647 0.9658
vn -0.2558 -0.5119 0.8201
vn -0.5257 0.2922 0.7989
vn 0.0917 -0.3311 0.9391
vn -0.8139 0.0312 0.5802
vn -0.0203 0.2425 0.9699
vn -0.0891 0.3608 0.9284
vn -0.5138 -0.3894 0.7644
vn -0.5684 0.3338 0.7520
vn -0.5681 0.3338 0.7522
vn -0.4912 -0.4337 0.7554
vn -0.8611 -0.0947 0.4996
vn -0.6710 0.1799 0.7193
vn -0.6710 0.1798 0.7193
vn -0.6443 0.2641 0.7177
vn -0.8576 0.0437 0.5125
vn -0.4107 0.3521 0.8410
vn -0.6664 -0.1126 0.7370
vn -0.7274 -0.2618 0.6343
vn -0.7609 -0.0679 0.6453
vn -0.7611 -0.0678 0.6451
vn -0.1381 -0.1528 0.9786
vn -0.8635 0.3365 0.3756
vn -0.7577 0.1340 0.6387
vn -0.0470 0.1774 0.9830
vn -0.1531 0.8197 0.5520
vn -0.1532 0.8199 0.5516
vn -0.8015 0.2662 0.5355
vn -0.8993 0.3570 0.2524
vn -0.9277 0.0293 0.3721
vn -0.3118 0.2910 0.9045
vn -0.4834 -0.3332 0.8095
vn -0.0378 -0.4975 0.8666
vn -0.3426 0.3568 0.8691
vn -0.0475 0.6238 0.7801
vn -0.2130 -0.4593 0.8624
vn -0.7366 -0.0147 0.6762
vn -0.6729 -0.1068 0.7320
vn -0.6839 0.4041 0.6074
vn -0.1641 -0.6737 0.7205
vn -0.7312 -0.0127 0.6820
vn -0.6126 0.3815 0.6923
vn -0.7399 0.2466 0.6258
vn -0.7162 0.0490 0.6961
vn -0.6768 0.5710 0.4647
vn -0.3457 0.3597 0.8667
vn -0.2984 0.3510 0.8876
vn -0.7138 0.4271 0.5550
vn -0.6771 -0.1284 0.7246
vn -0.3641 -0.3899 0.8458
vn -0.5993 -0.3992 0.6939
vn -0.0717 0.2984 0.9518
vn -0.5975 0.3994 0.6953
vn -0.2024 0.1690 0.9646
vn -0.2459 -0.4362 0.8656
vn -0.5764 0.3031 0.7589
vn -0.8153 0.4000 0.4186
vn -0.2477 -0.6157 0.7481
vn -0.5168 0.4416 0.7334
vn -0.3494 0.3287 0.8774
vn -0.1605 0.2356 0.9585
vn -0.1608 0.2352 0.9585
vn -0.6277 0.5646 0.5360
vn -0.8479 0.4129 0.3327
vn -0.8064 0.4111 0.4250
vn -0.4970 0.5031 0.7070
vn -0.4259 0.2741 0.8622
vn -0.3215 0.5014 0.8033
vn -0.5181 -0.4570 0.7229
vn -0.4774 0.1612 0.8638
vn -0.8683 0.2986 0.3960
vn -0.5378 0.1391 0.8315
vn -0.6757 0.3092 0.6692
vn -0.4497 -0.4091 0.7940
vn 0.1164 -0.3248 0.9386
vn -0.0105 -0.0654 0.9978
vn -0.0100 -0.0653 0.9978
vn -0.5389 -0.3826 0.7504
vn -0.7461 0.3075 0.5906
vn -0.3447 -0.4604 0.8181
vn -0.8626 0.0434 0.5040
vn -0.8469 0.3802 0.3716
vn -0.2069 -0.4328 0.8774
vn -0.7121 0.1882 0.6764
vn -0.2819 0.4071 0.8688
vn -0.2859 -0.3268 0.9008
vn -0.3825 0.2058 0.9007
vn -0.6399 0.4080 0.6512
vn -0.6699 -0.3311 0.6645
vn -0.5398 -0.4844 0.6885
vn -0.6993 -0.0255 0.7144
vn -0.2481 -0.2031 0.9472
vn -0.4060 -0.4629 0.7880
vn -0.1843 -0.0142 0.9828
vn -0.4265 0.2808 0.8598
vn -0.5656 0.4487 0.6920
vn -0.6507 0.4037 0.6432
vn -0.7224 -0.0763 0.6873
vn -0.7458 -0.0117 0.6660
vn -0.7459 -0.0118 0.6659
vn -0.3057 0.2276 0.9245
vn -0.5803 0.5424 0.6075
vn 0.2387 -0.3133 0.9192
vn -0.9324 0.0455 0.3585
vn -0.5595 0.4063 0.7224
vn -0.0006 -0.5925 0.8055
vn -0.3689 0.3252 0.8707
vn -0.3042 -0.5882 0.7494
vn -0.8921 0.1380 0.4302
vn -0.7368 0.5387 0.4085
vn -0.0751 -0.5751 0.8147
vn -0.5001 0.3575 0.7887
vn -0.4998 0.3572 0.7890
vn -0.0144 0.3656 0.9306
vn -0.1973 -0.3324 0.9223
vn 0.0029 0.2753 0.9614
vn 0.0028 0.2753 0.9614
vn -0.7586 0.4782 0.4425
vn -0.5118 0.2664 0.8168
vn 0.0457 0.2815 0.9585
vn -0.2562 -0.5101 0.8211
vn -0.7373 0.3275 0.5909
vn -0.0816 0.0167 0.9965
vn -0.3005 -0.6632 0.6854
vn -0.5704 -0.1321 0.8107
vn -0.1296 -0.0143 0.9915
vn -0.1296 -0.0142 0.9915
vn -0.8080 0.1942 0.5563
vn -0.3211 0.3697 0.8719
vn -0.8726 0.4086 0.2678
vn -0.2004 0.2930 0.9349
vn -0.5957 -0.0123 0.8031
vn -0.5493 -0.2667 0.7919
vn -0.4955 -0.5496 0.6727
vn -0.3544 -0.1998 0.9135
vn -0.2590 0.3715 0.8916
vn -0.5124 -0.4058 0.7568
vn -0.5710 0.3826 0.7263
vn -0.7950 0.4655 0.3890
vn -0.1596 -0.0185 0.9870
vn -0.1596 -0.0189 0.9870
vn -0.8420 0.2460 0.4801
vn -0.3471 -0.5413 0.7658
vn -0.3473 -0.5409 0.7660
vn -0.8316 0.1499 0.5348
vn -0.7881 0.4047 0.4638
vn -0.2450 -0.6501 0.7193
vn -0.7819 0.3661 0.5045
vn -0.8238 0.4027 0.3989
vn -0.2828 -0.5972 0.7506
vn 0.2564 -0.0531 0.9651
vn -0.7963 0.4488 0.4055
vn -0.4310 -0.4898 0.7578
vn -0.1830 0.3275 0.9270
vn -0.3979 -0.4159 0.8177
vn -0.4798 0.4411 0.7585
vn -0.5367 -0.1853 0.8232
vn -0.2234 0.4487 0.8653
vn -0.6508 0.5383 0.5355
vn -0.8517 0.3475 0.3924
vn -0.8436 0.1831 0.5048
vn -0.8733 0.3796 0.3054
vn -0.4138 0.4239 0.8056
vn -0.4143 0.4240 0.8053
vn -0.6619 0.5201 0.5398
vn 0.0103 -0.5422 0.8402
vn -0.4959 0.3685 0.7863
vn -0.4963 0.3682 0.7862
vn -0.6648 0.4885 0.5652
vn -0.2188 -0.5566 0.8015
vn -0.4817 0.2081 0.8513
vn -0.9057 0.3651 0.2157
vn -0.6601 0.4676 0.5879
vn -0.3694 -0.2793 0.8863
vn -0.7260 -0.0567 0.6854
vn 0.1421 0.3934 0.9083
vn 0.1422 0.3933 0.9083
vn -0.3198 0.5056 0.8013
vn -0.0860 0.1919 0.9776
vn -0.3876 0.2340 0.8916
vn -0.3082 0.0985 0.9462
vn -0.8074 0.2582 0.5305
vn -0.6542 0.0147 0.7561
vn -0.4232 0.2778 0.8624
vn 0.0033 -0.4483 0.8939
vn 0.0034 -0.4484 0.8938
vn 0.0032 -0.4480 0.8940
vn -0.1640 0.4147 0.8950
vn -0.5279 0.3250 0.7846
vn -0.5279 0.3251 0.7846
vn -0.9218 0.0830 0.3786
vn -0.4795 -0.4880 0.7293
vn -0.0631 -0.4735 0.8785
vn -0.6915 0.0683 0.7191
vn -0.7661 0.1514 0.6246
vn -0.1147 -0.6181 0.7777
vn -0.3299 -0.4475 0.8312
vn -0.3285 -0.1945 0.9242
vn -0.3280 -0.1946 0.9244
vn -0.3851 0.5324 0.7538
vn -0.5106 -0.1404 0.8483
vn -0.9224 0.0787 0.3782
vn -0.4899 0.1020 0.8658
vn -0.6564 -0.4126 0.6316
vn -0.6159 0.2953 0.7304
vn -0.0564 0.2511 0.9663
vn -0.6756 0.0811 0.7328
vn -0.6757 0.0353 0.7364
vn -0.6759 0.0356 0.7362
vn -0.6758 0.0355 0.7362
vn -0.1892 0.4355 0.8801
vn -0.1893 0.4360 0.8798
vn -0.7515 0.0475 0.6580
vn -0.7510 0.0472 0.6587
vn -0.7515 0.0474 0.6580
vn -0.6509 0.2944 0.6998
vn -0.6507 0.2941 0.7001
vn -0.2028 0.2761 0.9395
vn -0.2031 0.2763 0.9394
vn -0.9023 -0.1263 0.4123
vn -0.8363 -0.0462 0.5463
vt 0.766465 0.542997
vt 0.775635 0.571885
vt 0.758149 0.565980
vt 0.716300 0.477841
vt 0.680521 0.470672
vt 0.692033 0.456618
vt 0.640078 0.554009
vt 0.642790 0.551839
vt 0.643665 0.556149
vt 0.584539 0.465181
vt 0.601224 0.466608
vt 0.594106 0.474350
vt 0.672741 0.548922
vt 0.675685 0.547080
vt 0.676192 0.550125
vt 0.703740 0.565803
vt 0.715342 0.565256
vt 0.708551 0.573745
vt 0.624128 0.512050
vt 0.631230 0.513919
vt 0.627624 0.516206
vt 0.588801 0.512978
vt 0.595466 0.500638
vt 0.596570 0.512130
vt 0.654193 0.550635
vt 0.658785 0.549741
vt 0.657604 0.553174
vt 0.572212 0.564207
vt 0.578995 0.546042
vt 0.583226 0.560950
vt 0.695706 0.570979
vt 0.693487 0.560106
vt 0.699354 0.562919
vt 0.620553 0.497475
vt 0.614251 0.496293
vt 0.618867 0.494027
vt 0.745489 0.586138
vt 0.723714 0.591760
vt 0.734414 0.578119
vt 0.688127 0.537818
vt 0.693959 0.545928
vt 0.687599 0.545198
vt 0.666922 0.586607
vt 0.674692 0.591228
vt 0.667940 0.593341
vt 0.647412 0.554960
vt 0.647754 0.558016
vt 0.619538 0.433973
vt 0.620105 0.453036
vt 0.608326 0.441731
vt 0.707820 0.539883
vt 0.698756 0.541184
vt 0.703417 0.534204
vt 0.725212 0.538782
vt 0.737776 0.520669
vt 0.736402 0.539878
vt 0.616119 0.505315
vt 0.616417 0.499258
vt 0.618785 0.501972
vt 0.637557 0.536627
vt 0.632763 0.536759
vt 0.633139 0.532508
vt 0.676339 0.567018
vt 0.673132 0.560544
vt 0.677227 0.563169
vt 0.677958 0.525032
vt 0.668164 0.522389
vt 0.674189 0.519651
vt 0.629510 0.528349
vt 0.628703 0.532048
vt 0.661370 0.499097
vt 0.654150 0.504374
vt 0.651416 0.498341
vt 0.619032 0.469031
vt 0.609881 0.474983
vt 0.687779 0.530613
vt 0.684686 0.522572
vt 0.715272 0.619148
vt 0.730493 0.600480
vt 0.738127 0.615391
vt 0.671502 0.514654
vt 0.640940 0.543380
vt 0.642549 0.540539
vt 0.601852 0.501763
vt 0.603705 0.510440
vt 0.661782 0.567351
vt 0.657952 0.571600
vt 0.657122 0.566802
vt 0.636667 0.522340
vt 0.639602 0.518848
vt 0.641716 0.522455
vt 0.676724 0.538458
vt 0.672742 0.541550
vt 0.672495 0.538658
vt 0.655137 0.561081
vt 0.652938 0.566238
vt 0.652056 0.562103
vt 0.641627 0.500642
vt 0.641498 0.507870
vt 0.636444 0.503537
vt 0.631366 0.462897
vt 0.627256 0.477785
vt 0.763410 0.492867
vt 0.751598 0.519972
vt 0.746682 0.496490
vt 0.713854 0.548643
vt 0.719116 0.554356
vt 0.710442 0.450095
vt 0.735760 0.471789
vt 0.658655 0.470769
vt 0.648502 0.483435
vt 0.641170 0.473667
vt 0.645665 0.418979
vt 0.643015 0.441293
vt 0.631520 0.426620
vt 0.573057 0.470994
vt 0.563841 0.487213
vt 0.558908 0.474193
vt 0.635795 0.554692
vt 0.636316 0.565327
vt 0.629396 0.554791
vt 0.532246 0.514643
vt 0.526341 0.531140
vt 0.521857 0.517628
vt 0.610298 0.507006
vt 0.614138 0.510428
vt 0.575130 0.580173
vt 0.591197 0.592013
vt 0.577306 0.597109
vt 0.662364 0.552231
vt 0.661392 0.556143
vt 0.546992 0.539026
vt 0.536334 0.527560
vt 0.545191 0.524348
vt 0.618456 0.513714
vt 0.624069 0.517870
vt 0.653857 0.596637
vt 0.660249 0.588176
vt 0.613751 0.580389
vt 0.616190 0.562919
vt 0.622522 0.575141
vt 0.637453 0.596875
vt 0.620250 0.593289
vt 0.629674 0.586424
vt 0.700079 0.580801
vt 0.715430 0.582373
vt 0.705702 0.591049
vt 0.638483 0.514749
vt 0.643193 0.514442
vt 0.601123 0.538313
vt 0.611036 0.549933
vt 0.601828 0.550567
vt 0.621566 0.504206
vt 0.628004 0.503406
vt 0.627249 0.507730
vt 0.668301 0.574928
vt 0.674213 0.574362
vt 0.670503 0.578654
vt 0.683331 0.598562
vt 0.690710 0.586700
vt 0.693781 0.596472
vt 0.505663 0.504152
vt 0.502632 0.512624
vt 0.499758 0.506417
vt 0.637111 0.547909
vt 0.655650 0.540224
vt 0.652917 0.537604
vt 0.656037 0.536736
vt 0.664201 0.562857
vt 0.666715 0.567413
vt 0.622606 0.522812
vt 0.626636 0.524238
vt 0.690918 0.524660
vt 0.693664 0.537022
vt 0.608146 0.537101
vt 0.618139 0.548493
vt 0.623380 0.559201
vt 0.633272 0.518415
vt 0.649518 0.652263
vt 0.647449 0.627520
vt 0.659850 0.634592
vt 0.651206 0.558683
vt 0.648380 0.561495
vt 0.630006 0.570101
vt 0.637713 0.580069
vt 0.610458 0.498190
vt 0.613145 0.502166
vt 0.669212 0.555738
vt 0.665331 0.558649
vt 0.665868 0.554117
vt 0.618367 0.528484
vt 0.623616 0.530415
vt 0.558208 0.551457
vt 0.569007 0.548722
vt 0.567917 0.501582
vt 0.580231 0.514216
vt 0.571421 0.516269
vt 0.680214 0.583006
vt 0.682707 0.573586
vt 0.687276 0.578736
vt 0.587788 0.486082
vt 0.577425 0.499618
vt 0.575110 0.485276
vt 0.648791 0.537138
vt 0.654588 0.534595
vt 0.702358 0.546667
vt 0.698705 0.557024
vt 0.696819 0.551112
vt 0.633191 0.522357
vt 0.629503 0.525460
vt 0.627768 0.520855
vt 0.702116 0.421102
vt 0.731141 0.445679
vt 0.674157 0.556007
vt 0.678865 0.559811
vt 0.668774 0.565196
vt 0.591740 0.526748
vt 0.598805 0.524956
vt 0.691886 0.554000
vt 0.669519 0.500774
vt 0.662791 0.496558
vt 0.670039 0.498021
vt 0.649377 0.564923
vt 0.652570 0.570234
vt 0.646425 0.566413
vt 0.560063 0.567122
vt 0.546744 0.554228
vt 0.662911 0.571967
vt 0.658529 0.576596
vt 0.786875 0.631933
vt 0.746117 0.632842
vt 0.771668 0.609283
vt 0.632371 0.541408
vt 0.625936 0.539182
vt 0.583757 0.528823
vt 0.575033 0.531118
vt 0.541154 0.511203
vt 0.545353 0.495710
vt 0.550209 0.508229
vt 0.645571 0.588986
vt 0.674419 0.533931
vt 0.670904 0.534707
vt 0.748507 0.467101
vt 0.672080 0.607612
vt 0.682764 0.609634
vt 0.677001 0.542983
vt 0.681825 0.537947
vt 0.681820 0.544212
vt 0.676379 0.489821
vt 0.691868 0.493225
vt 0.685267 0.497174
vt 0.619370 0.632861
vt 0.635798 0.617867
vt 0.840976 0.558914
vt 0.795780 0.579912
vt 0.811081 0.546803
vt 0.716595 0.523558
vt 0.723210 0.501778
vt 0.726900 0.521572
vt 0.537546 0.542228
vt 0.528384 0.544780
vt 0.689746 0.640014
vt 0.679466 0.623120
vt 0.694224 0.622959
vt 0.562696 0.518910
vt 0.612773 0.526253
vt 0.617703 0.520208
vt 0.515703 0.533001
vt 0.646149 0.606322
vt 0.627459 0.605909
vt 0.606538 0.502583
vt 0.608064 0.514081
vt 0.585022 0.474358
vt 0.661565 0.521639
vt 0.657073 0.517658
vt 0.661168 0.517032
vt 0.674609 0.597702
vt 0.662749 0.602949
vt 0.697165 0.486682
vt 0.695949 0.608409
vt 0.714073 0.602884
vt 0.577814 0.446591
vt 0.590793 0.456673
vt 0.787241 0.544272
vt 0.670498 0.503918
vt 0.665195 0.511263
vt 0.662765 0.504431
vt 0.509017 0.511163
vt 0.504637 0.519845
vt 0.622787 0.487744
vt 0.610787 0.486477
vt 0.617218 0.481825
vt 0.546077 0.569701
vt 0.534119 0.556844
vt 0.698538 0.519063
vt 0.691663 0.516587
vt 0.594737 0.609029
vt 0.655599 0.555145
vt 0.639310 0.526604
vt 0.638043 0.528506
vt 0.635943 0.525042
vt 0.634252 0.526600
vt 0.636704 0.530217
vt 0.646129 0.520777
vt 0.646588 0.526655
vt 0.678193 0.517155
vt 0.673702 0.509795
vt 0.681173 0.512304
vt 0.635956 0.532845
vt 0.639446 0.536082
vt 0.682153 0.589996
vt 0.634225 0.529403
vt 0.640341 0.545476
vt 0.637413 0.544946
vt 0.637671 0.541441
vt 0.631258 0.528705
vt 0.633217 0.547840
vt 0.640035 0.548305
vt 0.639975 0.550614
vt 0.656841 0.510288
vt 0.659684 0.562216
vt 0.659686 0.559365
vt 0.662889 0.547867
vt 0.660192 0.546177
vt 0.653093 0.556151
vt 0.651568 0.551004
vt 0.656783 0.559053
vt 0.647654 0.550579
vt 0.647304 0.546025
vt 0.679911 0.550048
vt 0.685660 0.552143
vt 0.642478 0.534511
vt 0.647387 0.541118
vt 0.651250 0.546324
vt 0.654600 0.546450
vt 0.652383 0.541782
vt 0.651065 0.533857
vt 0.647051 0.533850
vt 0.674000 0.583778
vt 0.651330 0.531004
vt 0.653971 0.532825
vt 0.646410 0.530053
vt 0.679839 0.500557
vt 0.684571 0.506579
vt 0.675832 0.502787
vt 0.540045 0.484528
vt 0.554402 0.491142
vt 0.668691 0.539639
vt 0.671890 0.544427
vt 0.667301 0.619898
vt 0.724035 0.571091
vt 0.749918 0.541500
vt 0.743608 0.561133
vt 0.662577 0.543472
vt 0.609577 0.459598
vt 0.598796 0.448617
vt 0.619620 0.508324
vt 0.665980 0.548750
vt 0.668851 0.546145
vt 0.669041 0.551033
vt 0.672757 0.551678
vt 0.675780 0.553619
vt 0.671529 0.552509
vt 0.672136 0.556450
vt 0.672476 0.546842
vt 0.674023 0.570695
vt 0.671011 0.572284
vt 0.670684 0.568479
vt 0.677543 0.570198
vt 0.680231 0.564336
vt 0.646859 0.493189
vt 0.654144 0.490200
vt 0.688268 0.565930
vt 0.689145 0.559842
vt 0.682762 0.558598
vt 0.679453 0.555747
vt 0.679220 0.530937
vt 0.672555 0.527341
vt 0.690799 0.505336
vt 0.647808 0.515413
vt 0.664500 0.523907
vt 0.664972 0.520875
vt 0.669772 0.531634
vt 0.623878 0.547144
vt 0.627980 0.547245
vt 0.660746 0.513431
vt 0.655362 0.513495
vt 0.665353 0.516379
vt 0.654519 0.495650
vt 0.641352 0.529109
vt 0.633897 0.507130
vt 0.640933 0.524728
vt 0.641783 0.526598
vt 0.626223 0.496978
vt 0.622516 0.500484
vt 0.633868 0.496300
vt 0.630566 0.499746
vt 0.665250 0.580975
vt 0.659296 0.582027
vt 0.640637 0.561781
vt 0.645190 0.574104
vt 0.652661 0.581970
vt 0.652377 0.575894
vt 0.649340 0.510230
vt 0.646351 0.505493
vt 0.679258 0.687507
vt 0.665149 0.657521
vt 0.685162 0.658958
vt 0.633935 0.486726
vt 0.626546 0.492176
vt 0.606738 0.496507
vt 0.680524 0.430013
vt 0.612022 0.494111
vt 0.602649 0.481677
vt 0.710229 0.560521
vt 0.665810 0.483697
vt 0.682798 0.484758
vt 0.658886 0.495562
vt 0.661383 0.494408
vt 0.655500 0.493253
vt 0.686453 0.511721
vt 0.679043 0.507721
vt 0.692595 0.511820
vt 0.699261 0.511660
vt 0.659054 0.491898
vt 0.662374 0.490273
vt 0.663156 0.492458
vt 0.670435 0.494067
vt 0.699219 0.504349
vt 0.710991 0.545248
vt 0.716402 0.537994
vt 0.614577 0.616701
vt 0.705295 0.559886
vt 0.705141 0.553241
vt 0.708509 0.555857
vt 0.512013 0.519972
vt 0.506073 0.530796
vt 0.647025 0.455250
vt 0.664936 0.530341
vt 0.666593 0.527213
vt 0.730914 0.556979
vt 0.598239 0.571611
vt 0.607695 0.566599
vt 0.654235 0.523285
vt 0.658646 0.523860
vt 0.596007 0.429640
vt 0.608767 0.600923
vt 0.603420 0.586179
vt 0.660145 0.436237
vt 0.670165 0.454695
vt 0.673377 0.639241
vt 0.628707 0.403389
vt 0.616809 0.412578
vt 0.663105 0.527447
vt 0.615797 0.490585
vt 0.553898 0.521777
vt 0.565867 0.533578
vt 0.556369 0.536285
vt 0.709942 0.517332
vt 0.677756 0.578881
vt 0.683500 0.397971
vt 0.653474 0.517219
vt 0.612878 0.517395
vt 0.697318 0.528846
vt 0.707232 0.525976
vt 0.667368 0.571854
vt 0.601950 0.494271
vt 0.608002 0.491561
vt 0.663886 0.576260
vt 0.620525 0.537976
vt 0.564886 0.455514
vt 0.527569 0.504799
vt 0.587369 0.576241
vt 0.593077 0.556796
vt 0.661416 0.525612
vt 0.732341 0.499537
vt 0.716735 0.635156
vt 0.509145 0.531941
vt 0.606135 0.522473
vt 0.502065 0.498646
vt 0.497029 0.501525
vt 0.614716 0.537422
vt 0.710767 0.506947
vt 0.536104 0.500041
vt 0.530458 0.490183
vt 0.599435 0.630000
vt 0.517037 0.488390
vt 0.513865 0.500609
vt 0.509624 0.493771
vt 0.587198 0.499431
vt 0.596642 0.490362
vt 0.632419 0.446212
vt 0.588033 0.543087
vt 0.595749 0.539914
vt 0.712796 0.532198
vt 0.595438 0.482971
vt 0.717832 0.652480
vt 0.666072 0.534598
vt 0.758087 0.596782
vt 0.559075 0.504755
vt 0.586922 0.436877
vt 0.656273 0.614143
vt 0.686512 0.515730
vt 0.664296 0.408761
vt 0.818904 0.598150
vt 0.717463 0.680616
vt 0.553020 0.462936
vt 0.669245 0.560299
vt 0.791232 0.517137
vt 0.768997 0.518882
vt 0.605945 0.421100
vt 0.517926 0.508786
vt 0.646538 0.389773
vt 0.643558 0.545849
vt 0.642851 0.548523
vt 0.643890 0.560127
vt 0.657937 0.539124
vt 0.656185 0.542885
vt 0.522253 0.495518
vt 0.602411 0.489328
vt 0.548392 0.478992
vt 0.525304 0.482362
vt 0.542955 0.469660
vt 0.534169 0.475770
vt 0.517311 0.543193
vt 0.665933 0.376849
vt 0.561780 0.583468
vt 0.672335 0.565557
vt 0.659101 0.532002
vt 0.665090 0.532095
vt 0.663528 0.529150
vt 0.753063 0.659836
vt 0.635350 0.644440
s 0
usemtl Material.001
f 501/1/1 37/2/1 518/3/1
f 4/4/2 495/5/2 455/6/2
f 96/7/3 122/8/3 138/9/3
f 40/10/4 525/11/4 529/12/4
f 193/13/5 173/14/5 198/15/5
f 331/16/6 333/17/6 330/18/6
f 271/19/7 73/20/7 269/21/7
f 19/22/8 527/23/8 526/24/8
f 55/25/9 56/26/9 52/27/10
f 420/28/11 416/29/11 424/30/11
f 206/31/12 212/32/12 360/33/12
f 275/34/13 472/35/13 277/36/14
f 519/37/15 390/38/15 392/39/15
f 164/40/16 217/41/16 219/42/16
f 294/43/17 101/44/17 295/45/17
f 138/9/18 116/46/18 121/47/18
f 45/48/19 516/49/19 46/50/19
f 356/51/20 218/52/20 355/53/20
f 328/54/21 326/55/21 327/56/21
f 280/57/22 470/58/22 475/59/22
f 75/60/23 87/61/24 77/62/23
f 200/63/25 182/64/25 209/65/26
f 226/66/27 245/67/27 258/68/27
f 88/69/28 87/61/28 284/70/28
f 262/71/29 255/72/30 261/73/29
f 525/11/31 447/74/31 453/75/31
f 163/76/32 226/66/32 165/77/32
f 509/78/33 521/79/33 12/80/33
f 245/67/34 492/81/34 258/68/34
f 81/82/35 75/60/36 80/83/36
f 526/24/37 450/84/37 443/85/37
f 112/86/38 131/87/38 124/88/38
f 270/89/39 68/90/39 71/91/39
f 170/92/40 168/93/41 169/94/41
f 113/95/42 134/96/43 123/97/42
f 253/98/44 237/99/44 248/100/44
f 446/101/45 312/102/45 447/74/45
f 506/103/46 457/104/46 2/105/46
f 337/106/47 328/54/47 336/107/47
f 454/108/48 1/109/48 4/4/48
f 343/110/49 342/111/49 344/112/49
f 28/113/50 533/114/50 487/115/50
f 473/116/51 372/117/51 480/118/51
f 289/119/52 303/120/52 291/121/52
f 403/122/53 410/123/53 412/124/53
f 315/125/54 280/57/54 283/126/54
f 421/127/55 427/128/55 422/129/55
f 52/27/56 58/130/56 59/131/56
f 275/34/57 475/59/57 470/58/57
f 408/132/58 402/133/58 401/134/58
f 281/135/59 271/19/59 267/136/59
f 295/45/60 438/137/60 296/138/60
f 436/139/61 524/140/61 512/141/61
f 531/142/62 435/143/62 513/144/62
f 305/145/63 334/146/63 307/147/63
f 478/148/64 237/99/64 69/149/64
f 530/150/65 520/151/65 8/152/65
f 476/153/66 250/154/66 471/155/66
f 126/156/67 127/157/67 132/158/67
f 103/159/68 304/160/68 306/161/68
f 482/162/69 384/163/69 469/164/69
f 289/119/70 91/165/70 96/7/70
f 149/166/71 146/167/72 148/168/73
f 112/86/74 110/169/74 97/170/74
f 284/70/75 286/171/75 89/172/75
f 159/173/76 162/174/76 163/76/76
f 433/175/77 432/176/77 520/151/77
f 524/140/78 432/176/78 434/177/78
f 305/145/79 331/16/79 330/18/79
f 72/178/80 478/148/80 68/90/80
f 35/179/81 13/180/81 34/181/81
f 115/182/82 137/183/82 121/47/82
f 513/144/83 440/184/83 439/185/83
f 315/125/84 314/186/84 282/187/84
f 181/188/85 178/189/85 180/190/86
f 318/191/87 286/171/88 285/192/87
f 420/28/89 406/193/89 409/194/89
f 373/195/90 20/196/90 394/197/90
f 208/198/91 203/199/91 207/200/91
f 39/201/92 17/202/92 38/203/92
f 142/204/93 147/205/93 146/167/93
f 358/206/94 359/207/94 216/208/94
f 268/209/95 90/210/95 266/211/95
f 534/212/96 523/213/96 454/108/96
f 209/65/97 194/214/97 210/215/97
f 178/189/98 111/216/98 110/169/98
f 21/217/99 526/24/99 517/218/99
f 215/219/100 359/207/100 212/32/100
f 494/220/101 347/221/102 493/222/103
f 136/223/104 135/224/104 301/225/104
f 418/226/105 407/227/105 406/193/105
f 125/228/106 130/229/106 131/87/106
f 461/230/107 11/231/107 10/232/107
f 285/192/108 94/233/108 93/234/108
f 22/235/109 416/29/109 415/236/109
f 399/237/110 445/238/110 400/239/110
f 531/142/111 439/185/112 441/240/112
f 225/241/113 169/94/113 246/242/113
f 505/243/114 2/105/114 1/109/114
f 106/244/115 103/159/115 107/245/115
f 171/246/116 223/247/116 222/248/116
f 484/249/117 346/250/117 228/251/117
f 22/235/118 19/22/118 21/217/118
f 13/180/119 15/252/119 16/253/119
f 456/254/120 36/255/120 24/256/120
f 323/257/121 325/258/121 322/259/121
f 410/123/122 405/260/122 370/261/122
f 33/262/123 514/263/123 507/264/123
f 415/236/124 395/265/124 394/197/124
f 319/266/125 287/267/126 318/191/126
f 411/268/127 412/124/127 410/123/127
f 502/269/128 431/270/128 531/142/128
f 317/271/129 321/272/129 443/85/129
f 467/273/130 38/203/130 473/116/130
f 390/38/131 307/147/131 334/146/131
f 239/274/132 242/275/132 243/276/132
f 104/277/133 437/278/133 295/45/133
f 287/267/134 267/136/135 286/171/135
f 325/258/136 345/279/136 4/4/136
f 509/78/137 393/280/137 391/281/137
f 40/10/138 42/282/138 43/283/138
f 25/284/139 36/255/139 37/2/139
f 496/285/140 256/286/140 260/287/140
f 385/288/141 377/289/141 384/163/141
f 124/88/142 135/224/142 134/96/142
f 308/290/143 311/291/143 310/292/143
f 417/293/144 404/294/144 407/227/144
f 354/295/145 159/173/145 160/296/145
f 426/297/146 422/129/146 427/128/146
f 53/298/147 55/25/147 52/27/147
f 62/299/148 64/300/148 61/301/148
f 65/302/149 64/300/149 66/303/149
f 69/149/150 70/304/150 478/148/150
f 71/91/151 70/304/151 67/305/151
f 259/306/152 488/307/153 265/308/152
f 75/60/154 77/62/154 78/309/154
f 80/83/155 75/60/155 79/310/155
f 102/311/156 104/277/156 101/44/156
f 66/303/157 84/312/158 65/302/158
f 82/313/159 86/314/159 76/315/159
f 393/280/160 103/159/160 306/161/160
f 77/62/161 88/69/162 83/316/161
f 88/69/163 90/210/163 83/316/163
f 92/317/164 94/233/164 91/165/164
f 85/318/165 91/165/165 86/314/165
f 96/7/166 91/165/166 95/319/166
f 260/287/167 254/320/167 255/72/167
f 108/321/168 60/322/168 110/169/168
f 97/170/169 110/169/169 111/216/170
f 186/323/171 56/26/171 184/324/171
f 114/325/172 54/326/172 53/298/172
f 109/327/173 53/298/173 60/322/173
f 113/95/174 114/325/174 109/327/174
f 117/328/175 119/329/176 54/326/176
f 115/182/177 121/47/177 116/46/177
f 113/95/178 123/97/178 115/182/178
f 221/330/179 219/42/179 214/331/179
f 60/322/180 52/27/180 59/131/181
f 140/332/182 142/204/182 143/333/182
f 140/332/183 80/83/183 79/310/183
f 144/334/184 57/335/184 55/25/185
f 54/326/186 144/334/187 55/25/187
f 146/167/188 145/336/188 142/204/188
f 150/337/189 142/204/189 141/338/190
f 208/198/191 101/44/191 133/339/191
f 150/337/192 153/340/193 151/341/192
f 152/342/194 67/305/194 153/340/194
f 156/343/195 158/344/195 155/345/196
f 466/346/197 374/347/197 445/238/197
f 163/76/198 162/174/198 164/40/198
f 165/77/199 159/173/199 163/76/199
f 174/348/200 168/93/200 172/349/201
f 174/348/202 169/94/202 168/93/202
f 522/350/203 437/278/203 106/244/203
f 330/18/204 335/351/204 334/146/204
f 458/352/205 518/3/205 459/353/205
f 184/324/206 188/354/206 186/323/206
f 46/50/207 515/355/207 448/356/207
f 475/59/208 272/357/209 280/57/208
f 189/358/210 176/359/210 190/360/210
f 188/354/211 189/358/212 186/323/213
f 192/361/214 176/359/215 193/13/216
f 192/361/217 195/362/217 194/214/217
f 196/363/218 194/214/218 191/364/219
f 196/363/220 176/359/220 192/361/220
f 176/359/221 197/365/221 193/13/221
f 176/359/222 172/349/222 197/365/222
f 199/366/223 99/367/224 98/368/225
f 202/369/226 200/63/227 201/370/226
f 127/157/228 199/366/228 202/369/228
f 278/371/229 342/111/229 341/372/229
f 194/214/230 182/64/230 191/364/230
f 201/370/231 209/65/231 210/215/231
f 212/32/232 205/373/232 211/374/232
f 215/219/233 212/32/233 211/374/233
f 217/41/234 216/208/234 215/219/235
f 162/174/236 218/52/236 217/41/236
f 221/330/237 198/15/237 173/14/237
f 213/375/238 210/215/239 220/376/239
f 220/376/240 198/15/240 221/330/241
f 224/377/242 227/378/242 226/66/242
f 228/251/243 157/379/243 156/343/243
f 234/380/244 70/304/244 69/149/244
f 245/67/245 497/381/246 489/382/247
f 230/383/248 225/241/248 246/242/248
f 290/384/249 93/234/249 288/385/250
f 257/386/251 244/387/251 254/320/251
f 491/388/252 245/67/252 489/382/252
f 262/71/253 261/73/253 263/389/253
f 496/285/254 260/287/254 262/71/254
f 89/172/255 266/211/255 90/210/255
f 268/209/256 72/178/256 270/89/256
f 65/302/257 268/209/257 61/301/257
f 152/342/258 140/332/258 63/390/258
f 471/155/259 250/154/259 74/391/259
f 269/21/260 73/20/261 72/178/262
f 267/136/263 271/19/263 269/21/263
f 270/89/264 71/91/265 273/392/264
f 62/299/266 273/392/266 154/393/266
f 274/394/267 251/395/267 275/34/268
f 279/396/269 252/397/269 274/394/269
f 261/73/270 278/371/271 263/389/271
f 284/70/272 87/61/273 94/233/274
f 288/385/275 291/121/275 290/384/275
f 130/229/276 129/398/277 297/399/277
f 295/45/278 101/44/278 104/277/278
f 296/138/279 294/43/279 295/45/279
f 302/400/280 300/401/280 303/120/280
f 299/402/281 297/399/281 296/138/281
f 300/401/282 298/403/282 299/402/282
f 255/72/283 238/404/283 249/405/283
f 368/406/284 177/407/284 32/408/284
f 313/409/285 279/396/285 276/410/285
f 313/409/286 276/410/286 308/290/286
f 314/186/287 317/271/287 316/411/287
f 499/412/288 454/108/288 455/6/288
f 472/35/289 314/186/290 463/413/290
f 180/190/291 59/131/291 58/130/291
f 452/414/292 310/292/292 311/291/292
f 332/415/293 336/107/293 333/17/293
f 484/249/294 339/416/294 483/417/294
f 262/71/295 348/418/295 347/221/295
f 349/419/296 348/418/296 350/420/296
f 493/222/297 347/221/297 349/419/297
f 263/389/298 350/420/298 348/418/298
f 167/421/299 265/308/299 264/422/299
f 351/423/300 167/421/301 158/344/302
f 351/423/303 157/379/303 352/424/303
f 354/295/304 160/296/304 351/423/304
f 102/311/305 207/200/306 304/160/307
f 361/425/308 340/426/308 362/427/308
f 361/425/309 349/419/309 350/420/309
f 350/420/310 341/372/310 361/425/311
f 490/428/312 156/343/312 493/222/312
f 229/429/313 352/424/313 157/379/313
f 365/430/314 329/431/314 337/106/314
f 16/253/315 430/432/315 431/270/315
f 331/16/316 360/33/316 367/433/316
f 367/433/317 357/434/317 366/435/317
f 332/415/318 367/433/319 366/435/320
f 123/97/321 136/223/322 137/183/322
f 386/436/323 474/437/323 377/289/323
f 210/215/324 195/362/325 220/376/325
f 449/438/326 344/112/326 446/101/326
f 248/100/327 250/154/327 252/397/327
f 491/388/328 239/274/328 243/276/328
f 96/7/329 302/400/329 289/119/329
f 227/378/330 231/439/330 233/440/330
f 220/376/331 214/331/332 213/375/331
f 333/17/333 338/441/333 335/351/333
f 365/430/334 366/435/334 357/434/334
f 507/264/335 107/245/335 393/280/335
f 297/399/336 294/43/337 296/138/336
f 6/442/338 8/152/338 5/443/338
f 340/426/339 342/111/339 339/416/339
f 236/444/340 242/275/340 241/445/340
f 529/12/341 453/75/341 452/414/341
f 448/356/342 47/446/342 46/50/342
f 301/225/343 298/403/343 300/401/343
f 276/410/344 275/34/344 277/36/344
f 261/73/345 249/405/345 253/98/346
f 425/447/347 427/128/347 428/448/347
f 439/185/348 303/120/348 300/401/348
f 504/449/349 455/6/349 485/450/349
f 32/408/350 105/451/350 33/262/350
f 29/452/351 487/115/351 486/453/351
f 245/67/352 498/454/352 497/381/352
f 277/36/353 463/413/353 309/455/353
f 428/448/354 5/443/354 436/139/354
f 122/8/355 117/328/355 116/46/356
f 396/456/357 397/457/357 398/458/357
f 228/251/358 229/429/358 157/379/358
f 363/459/359 354/295/360 352/424/361
f 133/339/362 204/460/362 208/198/362
f 499/412/363 510/461/363 534/212/363
f 313/409/364 344/112/364 342/111/364
f 409/194/365 398/458/365 397/457/365
f 70/304/366 235/462/366 236/444/366
f 43/283/367 515/355/367 525/11/367
f 78/309/368 83/316/369 84/312/369
f 319/266/370 321/272/370 320/463/371
f 355/53/372 162/174/372 161/464/372
f 296/138/373 441/240/374 299/402/374
f 353/465/375 161/464/375 354/295/375
f 338/441/376 392/39/376 335/351/376
f 98/368/377 100/466/378 97/170/377
f 451/467/379 465/468/379 316/411/379
f 327/56/380 459/353/380 338/441/380
f 431/270/381 425/447/381 435/143/381
f 135/224/382 130/229/382 298/403/382
f 392/39/383 334/146/383 335/351/383
f 100/466/384 128/469/384 125/228/384
f 276/410/385 309/455/385 308/290/386
f 403/122/387 401/134/387 402/133/387
f 398/458/388 401/134/388 396/456/388
f 285/192/389 293/470/389 318/191/389
f 66/303/390 79/310/390 78/309/390
f 41/471/391 40/10/391 473/116/391
f 412/124/392 414/472/392 403/122/392
f 459/353/393 519/37/393 392/39/393
f 5/443/394 520/151/394 524/140/394
f 213/375/395 205/373/395 201/370/395
f 235/462/396 238/404/396 244/387/397
f 423/473/398 7/474/398 6/442/398
f 72/178/399 266/211/399 269/21/399
f 489/382/400 240/475/400 239/274/400
f 132/158/401 128/469/401 126/156/401
f 207/200/402 205/373/402 206/31/402
f 105/451/403 522/350/403 514/263/403
f 485/450/404 343/110/404 449/438/404
f 129/398/405 133/339/405 294/43/405
f 227/378/406 233/440/406 245/67/406
f 22/235/407 394/197/407 20/196/407
f 2/105/408 326/55/408 3/476/408
f 30/477/409 12/80/409 11/231/409
f 264/422/410 158/344/410 167/421/411
f 17/202/412 19/22/412 20/196/412
f 435/143/413 428/448/413 436/139/413
f 421/127/414 418/226/414 420/28/414
f 527/23/415 451/467/415 450/84/415
f 304/160/416 206/31/416 305/145/416
f 313/409/417 310/292/417 312/102/417
f 404/294/418 370/261/418 405/260/418
f 367/433/419 359/207/420 357/434/419
f 376/478/421 386/436/421 411/268/421
f 319/266/422 433/175/422 442/479/422
f 381/480/423 469/164/423 383/481/423
f 292/482/424 290/384/424 432/176/424
f 363/459/425 229/429/425 324/483/425
f 531/142/426 438/137/426 502/269/426
f 466/346/427 444/484/427 468/485/427
f 227/378/428 225/241/428 230/383/428
f 15/252/429 429/486/429 430/432/429
f 409/194/430 415/236/430 416/29/430
f 111/216/431 98/368/432 97/170/431
f 321/272/433 442/479/433 443/85/433
f 282/187/434 472/35/434 470/58/434
f 379/487/435 477/488/435 382/489/435
f 17/202/436 372/117/436 38/203/436
f 18/490/437 528/491/437 527/23/437
f 59/131/438 110/169/438 60/322/438
f 181/188/439 196/363/439 191/364/439
f 1/109/440 523/213/440 505/243/440
f 533/114/441 449/438/441 511/492/441
f 48/493/442 21/217/442 49/494/442
f 364/495/443 365/430/443 356/51/443
f 115/182/444 117/328/444 114/325/444
f 467/273/445 532/496/445 39/201/445
f 406/193/446 408/132/446 398/458/446
f 30/477/447 507/264/447 509/78/447
f 214/331/448 211/374/448 213/375/448
f 274/394/449 250/154/449 251/395/449
f 73/20/450 74/391/451 478/148/450
f 358/206/452 217/41/452 218/52/452
f 31/497/453 33/262/453 30/477/453
f 175/498/454 230/383/454 246/242/454
f 10/232/455 12/80/455 9/499/455
f 374/347/456 373/195/456 375/500/456
f 346/250/457 324/483/457 229/429/457
f 43/283/458 378/501/458 448/356/458
f 424/30/459 48/493/459 7/474/459
f 226/66/460 259/306/460 165/77/460
f 440/184/461 291/121/461 303/120/461
f 34/181/462 503/502/462 522/350/462
f 338/441/463 328/54/463 327/56/463
f 365/430/464 358/206/464 356/51/464
f 124/88/465 108/321/465 112/86/465
f 165/77/466 265/308/466 166/503/466
f 364/495/467 363/459/467 323/257/467
f 504/449/468 27/504/468 499/412/468
f 463/413/469 316/411/469 465/468/470
f 450/84/471 316/411/471 317/271/471
f 514/263/472 106/244/472 107/245/472
f 100/466/473 112/86/473 97/170/473
f 132/158/474 204/460/474 133/339/474
f 434/177/475 290/384/475 291/121/475
f 482/162/476 382/489/476 477/488/476
f 279/396/477 248/100/477 252/397/477
f 460/505/478 10/232/478 36/255/478
f 16/253/479 503/502/479 13/180/479
f 234/380/480 237/99/480 238/404/480
f 423/473/481 428/448/481 427/128/481
f 164/40/482 224/377/482 163/76/482
f 369/506/483 32/408/483 31/497/483
f 41/471/484 480/118/484 50/507/484
f 495/5/485 339/416/485 343/110/485
f 191/364/486 179/508/487 181/188/486
f 506/103/488 23/509/488 500/510/488
f 321/272/489 283/126/490 320/463/491
f 486/453/492 45/48/492 44/511/492
f 283/126/493 272/357/493 281/135/493
f 385/288/494 477/488/494 413/512/494
f 441/240/495 300/401/495 299/402/495
f 320/463/496 281/135/496 287/267/496
f 173/14/497 222/248/497 221/330/497
f 177/407/498 34/181/498 105/451/498
f 26/513/499 28/113/499 29/452/499
f 511/492/500 446/101/500 516/49/500
f 322/259/501 3/476/501 326/55/501
f 76/315/502 94/233/503 87/61/502
f 326/55/504 458/352/504 327/56/504
f 423/473/505 420/28/505 424/30/505
f 386/436/506 413/512/506 412/124/506
f 476/153/507 271/19/508 272/357/507
f 407/227/509 405/260/509 408/132/509
f 329/431/510 322/259/510 328/54/510
f 118/514/511 80/83/512 119/329/512
f 82/313/513 118/514/513 120/515/513
f 85/318/514 120/515/515 122/8/514
f 516/49/516 447/74/516 515/355/516
f 96/7/517 138/9/517 139/516/517
f 143/333/518 145/336/518 144/334/518
f 119/329/519 143/333/519 144/334/519
f 185/517/520 149/166/520 148/168/520
f 187/518/521 145/336/521 149/166/521
f 139/516/522 301/225/522 302/400/522
f 166/503/523 159/173/524 165/77/523
f 7/474/525 49/494/525 8/152/525
f 447/74/526 310/292/526 453/75/526
f 503/502/527 438/137/527 437/278/527
f 464/519/528 413/512/528 477/488/528
f 92/317/529 93/234/529 94/233/529
f 457/104/530 501/1/530 458/352/530
f 219/42/531 223/247/531 164/40/531
f 532/496/532 479/520/532 528/491/532
f 400/239/533 395/265/533 396/456/533
f 485/450/534 533/114/534 504/449/534
f 394/197/535 375/500/535 373/195/535
f 372/117/536 481/521/536 480/118/536
f 223/247/537 225/241/537 224/377/537
f 528/491/538 479/520/538 451/467/538
f 278/371/539 253/98/539 279/396/539
f 464/519/540 444/484/540 414/472/540
f 219/42/541 215/219/541 214/331/541
f 67/305/542 63/390/542 154/393/542
f 171/246/543 172/349/543 168/93/543
f 189/358/544 58/130/545 186/323/544
f 121/47/546 139/516/546 138/9/546
f 49/494/547 517/218/547 530/150/547
f 380/522/548 464/519/548 379/487/548
f 445/238/549 375/500/549 400/239/549
f 500/510/550 25/284/550 501/1/550
f 23/509/551 24/256/551 25/284/551
f 414/472/552 399/237/552 403/122/552
f 188/354/553 187/518/553 185/517/553
f 480/118/554 51/523/554 50/507/554
f 484/249/555 340/426/555 339/416/555
f 455/6/556 495/5/556 485/450/556
f 190/360/557 180/190/557 189/358/557
f 387/524/558 468/485/558 380/522/558
f 487/115/559 511/492/559 45/48/559
f 340/426/560 490/428/560 362/427/560
f 155/345/561 496/285/561 494/220/561
f 155/345/562 493/222/562 156/343/562
f 346/250/563 483/417/563 345/279/563
f 430/432/564 426/297/564 425/447/564
f 264/422/565 488/307/565 496/285/565
f 256/286/566 491/388/566 257/386/566
f 491/388/567 243/276/567 257/386/567
f 410/123/568 371/525/568 411/268/568
f 387/524/569 481/521/569 466/346/569
f 44/511/570 46/50/570 47/446/570
f 39/201/571 532/496/571 528/491/571
f 306/161/572 305/145/572 307/147/572
f 65/302/573 83/316/573 90/210/573
f 517/218/574 443/85/574 442/479/575
f 508/526/576 27/504/576 26/513/576
f 521/79/577 391/281/577 390/38/577
f 512/141/578 434/177/578 440/184/578
f 289/119/579 288/385/579 92/317/579
f 400/239/580 401/134/580 399/237/580
f 298/403/581 297/399/582 299/402/582
f 436/139/583 513/144/583 435/143/583
f 362/427/584 493/222/584 349/419/585
f 530/150/586 442/479/586 433/175/586
f 419/527/587 417/293/587 418/226/587
f 179/508/588 183/528/588 111/216/588
f 37/2/589 10/232/589 9/499/589
f 364/495/590 355/53/590 353/465/590
f 228/251/591 490/428/591 484/249/591
f 391/281/592 306/161/592 307/147/592
f 188/354/593 185/517/593 535/529/593
f 174/348/594 176/359/594 535/529/594
f 67/305/595 70/304/595 535/529/595
f 236/444/596 241/445/596 535/529/596
f 241/445/597 240/475/597 535/529/597
f 247/530/598 175/498/599 535/529/599
f 231/439/600 247/530/600 535/529/600
f 153/340/601 67/305/601 535/529/601
f 232/531/602 231/439/602 535/529/602
f 176/359/603 188/354/603 535/529/603
f 148/168/604 147/205/604 535/529/604
f 240/475/605 498/454/606 535/529/605
f 70/304/607 236/444/607 535/529/607
f 185/517/608 148/168/608 535/529/608
f 175/498/609 174/348/609 535/529/610
f 147/205/611 151/341/611 535/529/611
f 498/454/612 232/531/612 535/529/613
f 151/341/614 153/340/614 535/529/614
f 31/497/615 11/231/615 462/532/615
f 257/386/616 242/275/616 244/387/616
f 174/348/617 246/242/617 169/94/617
f 192/361/618 198/15/618 195/362/618
f 184/324/619 57/335/620 187/518/621
f 301/225/622 137/183/623 136/223/623
f 518/3/624 9/499/624 519/37/624
f 309/455/625 465/468/625 311/291/625
f 337/106/626 332/415/626 366/435/626
f 53/298/627 54/326/628 55/25/629
f 62/299/630 63/390/630 64/300/630
f 65/302/631 61/301/631 64/300/631
f 71/91/632 68/90/633 70/304/632
f 79/310/634 75/60/634 78/309/634
f 81/82/635 82/313/635 76/315/635
f 66/303/636 78/309/636 84/312/636
f 82/313/637 85/318/637 86/314/637
f 88/69/638 89/172/638 90/210/638
f 86/314/639 91/165/639 94/233/639
f 85/318/640 95/319/641 91/165/640
f 108/321/642 109/327/643 60/322/642
f 113/95/644 109/327/644 108/321/644
f 114/325/645 117/328/645 54/326/645
f 109/327/646 114/325/647 53/298/646
f 113/95/648 115/182/648 114/325/648
f 117/328/649 118/514/649 119/329/649
f 120/515/650 118/514/650 117/328/650
f 126/156/651 100/466/651 99/367/651
f 1/109/652 3/476/652 4/4/652
f 140/332/653 64/300/653 63/390/653
f 140/332/654 141/338/654 142/204/655
f 140/332/656 143/333/656 80/83/656
f 66/303/657 64/300/657 140/332/657
f 144/334/658 145/336/658 57/335/658
f 54/326/659 119/329/660 144/334/660
f 146/167/661 147/205/661 148/168/661
f 150/337/662 151/341/663 147/205/663
f 63/390/664 62/299/665 154/393/664
f 156/343/666 157/379/667 158/344/666
f 166/503/668 167/421/669 160/296/669
f 189/358/670 188/354/670 176/359/670
f 196/363/671 192/361/671 194/214/672
f 197/365/673 172/349/673 173/14/673
f 176/359/674 174/348/674 172/349/674
f 202/369/675 199/366/675 200/63/675
f 127/157/676 99/367/677 199/366/677
f 201/370/678 200/63/678 209/65/678
f 213/375/679 201/370/679 210/215/679
f 318/191/680 292/482/680 319/266/680
f 231/439/681 232/531/681 233/440/681
f 233/440/682 232/531/682 498/454/682
f 239/274/683 240/475/684 241/445/685
f 247/530/686 231/439/686 230/383/687
f 244/387/688 242/275/688 235/462/689
f 249/405/690 238/404/690 237/99/690
f 248/100/691 237/99/691 74/391/691
f 254/320/692 244/387/692 238/404/692
f 256/286/693 257/386/693 254/320/693
f 492/81/694 259/306/694 258/68/694
f 488/307/695 492/81/695 256/286/695
f 89/172/696 267/136/697 266/211/696
f 266/211/698 267/136/698 269/21/698
f 61/301/699 268/209/700 270/89/699
f 476/153/701 475/59/701 251/395/702
f 273/392/703 71/91/703 67/305/703
f 154/393/704 273/392/704 67/305/704
f 279/396/705 274/394/705 276/410/705
f 89/172/706 88/69/707 284/70/706
f 267/136/708 89/172/709 286/171/709
f 262/71/710 263/389/710 348/418/710
f 349/419/711 347/221/711 348/418/712
f 494/220/713 496/285/714 262/71/713
f 263/389/715 278/371/715 350/420/715
f 167/421/716 166/503/717 265/308/716
f 351/423/718 160/296/718 167/421/718
f 351/423/719 158/344/719 157/379/719
f 354/295/720 351/423/720 352/424/720
f 212/32/721 359/207/721 360/33/721
f 361/425/722 341/372/722 340/426/722
f 361/425/723 362/427/724 349/419/725
f 350/420/726 278/371/726 341/372/726
f 323/257/727 329/431/727 364/495/727
f 324/483/728 323/257/728 363/459/728
f 331/16/729 206/31/729 360/33/729
f 332/415/730 331/16/731 367/433/730
f 479/520/732 311/291/732 465/468/733
f 203/199/734 201/370/734 205/373/734
f 273/392/735 61/301/735 270/89/736
f 204/460/737 202/369/737 203/199/737
f 264/422/738 155/345/738 158/344/738
f 8/152/739 49/494/739 530/150/739
f 111/216/740 183/528/740 98/368/740
f 176/359/741 196/363/741 190/360/741
f 443/85/742 450/84/742 317/271/742
f 532/496/743 529/12/743 452/414/743
f 4/4/744 455/6/744 454/108/744
f 4/4/745 3/476/745 325/258/745
f 199/366/746 183/528/746 200/63/747
f 118/514/748 81/82/748 80/83/748
f 82/313/749 81/82/750 118/514/749
f 85/318/751 82/313/751 120/515/751
f 95/319/752 85/318/752 122/8/752
f 143/333/753 142/204/753 145/336/753
f 119/329/754 80/83/755 143/333/754
f 185/517/756 187/518/757 149/166/756
f 187/518/758 57/335/758 145/336/759
f 40/10/760 467/273/760 473/116/760
f 68/90/761 478/148/762 70/304/762
f 153/340/763 141/338/763 152/342/763
f 155/345/764 264/422/764 496/285/764
f 155/345/765 494/220/766 493/222/765
f 345/279/767 483/417/767 495/5/767
f 264/422/768 265/308/768 488/307/768
f 256/286/769 492/81/769 491/388/770
f 497/381/771 498/454/771 240/475/771
f 467/273/772 40/10/772 529/12/772
f 501/1/773 25/284/773 37/2/773
f 4/4/774 345/279/774 495/5/774
f 96/7/775 95/319/775 122/8/775
f 40/10/776 43/283/776 525/11/776
f 193/13/777 197/365/777 173/14/777
f 331/16/778 332/415/778 333/17/779
f 271/19/780 471/155/780 73/20/781
f 19/22/782 18/490/782 527/23/782
f 55/25/783 57/335/783 56/26/784
f 420/28/785 409/194/785 416/29/785
f 206/31/786 205/373/786 212/32/786
f 275/34/787 470/58/788 472/35/787
f 519/37/789 521/79/789 390/38/789
f 164/40/790 162/174/790 217/41/791
f 294/43/792 133/339/793 101/44/794
f 138/9/795 122/8/795 116/46/795
f 45/48/796 511/492/796 516/49/796
f 356/51/797 358/206/797 218/52/797
f 328/54/798 322/259/798 326/55/798
f 280/57/799 282/187/799 470/58/799
f 75/60/800 76/315/801 87/61/801
f 369/506/802 31/497/802 462/532/802
f 200/63/803 183/528/804 182/64/804
f 226/66/805 227/378/805 245/67/805
f 88/69/806 77/62/806 87/61/806
f 262/71/807 260/287/807 255/72/807
f 525/11/808 515/355/808 447/74/808
f 163/76/809 224/377/809 226/66/809
f 509/78/810 391/281/810 521/79/810
f 245/67/811 491/388/811 492/81/811
f 81/82/812 76/315/812 75/60/812
f 526/24/813 527/23/813 450/84/813
f 112/86/814 125/228/814 131/87/814
f 270/89/815 72/178/815 68/90/815
f 170/92/816 171/246/817 168/93/816
f 113/95/818 124/88/818 134/96/818
f 253/98/819 249/405/819 237/99/819
f 446/101/820 344/112/820 312/102/820
f 506/103/821 500/510/821 457/104/821
f 337/106/822 329/431/822 328/54/822
f 454/108/823 523/213/823 1/109/823
f 343/110/824 339/416/824 342/111/824
f 28/113/825 504/449/825 533/114/825
f 473/116/826 38/203/826 372/117/826
f 289/119/827 302/400/827 303/120/827
f 403/122/828 402/133/828 410/123/828
f 315/125/829 282/187/829 280/57/829
f 421/127/830 423/473/830 427/128/830
f 52/27/831 56/26/831 58/130/831
f 275/34/832 251/395/833 475/59/832
f 408/132/834 405/260/834 402/133/834
f 281/135/835 272/357/836 271/19/835
f 295/45/837 437/278/837 438/137/837
f 436/139/838 5/443/838 524/140/838
f 531/142/839 431/270/839 435/143/839
f 305/145/840 330/18/840 334/146/840
f 478/148/841 74/391/841 237/99/841
f 530/150/842 433/175/842 520/151/842
f 476/153/843 251/395/843 250/154/843
f 126/156/844 99/367/844 127/157/844
f 103/159/845 102/311/846 304/160/846
f 482/162/847 385/288/847 384/163/847
f 289/119/848 92/317/848 91/165/848
f 149/166/849 145/336/849 146/167/849
f 112/86/850 108/321/850 110/169/850
f 284/70/851 285/192/851 286/171/851
f 159/173/852 161/464/852 162/174/852
f 433/175/853 292/482/853 432/176/853
f 524/140/854 520/151/854 432/176/854
f 305/145/855 206/31/855 331/16/855
f 72/178/856 73/20/856 478/148/856
f 35/179/857 14/533/857 13/180/857
f 115/182/858 123/97/858 137/183/859
f 513/144/860 512/141/860 440/184/860
f 315/125/861 317/271/861 314/186/861
f 181/188/862 179/508/862 178/189/862
f 318/191/863 287/267/863 286/171/863
f 420/28/864 418/226/864 406/193/864
f 373/195/865 17/202/865 20/196/865
f 208/198/866 204/460/867 203/199/866
f 39/201/868 18/490/868 17/202/868
f 142/204/869 150/337/870 147/205/870
f 358/206/871 357/434/872 359/207/872
f 268/209/873 65/302/873 90/210/873
f 209/65/874 182/64/874 194/214/874
f 178/189/875 179/508/875 111/216/876
f 21/217/877 19/22/877 526/24/877
f 215/219/878 216/208/879 359/207/880
f 494/220/881 262/71/881 347/221/881
f 136/223/882 134/96/882 135/224/882
f 418/226/883 417/293/883 407/227/883
f 125/228/884 128/469/884 130/229/884
f 461/230/885 462/532/885 11/231/885
f 285/192/886 284/70/886 94/233/886
f 22/235/887 48/493/887 416/29/887
f 399/237/888 444/484/888 445/238/888
f 531/142/889 513/144/889 439/185/889
f 225/241/890 170/92/890 169/94/890
f 505/243/891 506/103/891 2/105/891
f 106/244/892 104/277/892 103/159/892
f 171/246/893 170/92/893 223/247/893
f 484/249/894 483/417/894 346/250/894
f 22/235/895 20/196/895 19/22/895
f 13/180/896 14/533/896 15/252/896
f 456/254/897 460/505/897 36/255/897
f 323/257/898 324/483/898 325/258/898
f 410/123/899 402/133/899 405/260/899
f 33/262/900 105/451/900 514/263/900
f 415/236/901 397/457/901 395/265/901
f 319/266/902 320/463/902 287/267/902
f 411/268/903 386/436/903 412/124/903
f 502/269/904 16/253/904 431/270/904
f 317/271/905 315/125/905 321/272/905
f 467/273/906 39/201/906 38/203/906
f 390/38/907 391/281/907 307/147/907
f 239/274/908 241/445/908 242/275/908
f 104/277/909 106/244/909 437/278/909
f 287/267/910 281/135/910 267/136/910
f 325/258/911 324/483/911 345/279/911
f 509/78/912 507/264/912 393/280/912
f 25/284/913 24/256/913 36/255/913
f 496/285/914 488/307/914 256/286/914
f 385/288/915 386/436/915 377/289/915
f 124/88/916 131/87/916 135/224/916
f 308/290/917 309/455/917 311/291/917
f 354/295/918 161/464/919 159/173/919
f 259/306/920 492/81/920 488/307/920
f 102/311/921 103/159/922 104/277/921
f 393/280/923 107/245/923 103/159/923
f 260/287/924 256/286/925 254/320/924
f 186/323/926 58/130/927 56/26/926
f 221/330/928 222/248/929 219/42/930
f 60/322/931 53/298/932 52/27/932
f 208/198/933 102/311/933 101/44/933
f 466/346/934 481/521/934 374/347/934
f 522/350/935 503/502/935 437/278/935
f 330/18/936 333/17/936 335/351/936
f 458/352/937 501/1/937 518/3/937
f 46/50/938 516/49/938 515/355/938
f 475/59/939 476/153/940 272/357/940
f 278/371/941 313/409/941 342/111/942
f 220/376/943 195/362/943 198/15/943
f 290/384/944 293/470/944 93/234/944
f 152/342/945 141/338/945 140/332/945
f 130/229/946 128/469/946 129/398/946
f 302/400/947 301/225/947 300/401/947
f 255/72/948 254/320/948 238/404/948
f 313/409/949 278/371/949 279/396/949
f 499/412/950 534/212/950 454/108/950
f 180/190/951 178/189/951 59/131/952
f 452/414/953 453/75/953 310/292/953
f 102/311/954 208/198/954 207/200/954
f 16/253/955 15/252/955 430/432/955
f 123/97/956 134/96/956 136/223/956
f 386/436/957 376/478/957 474/437/957
f 210/215/958 194/214/958 195/362/958
f 449/438/959 343/110/959 344/112/959
f 248/100/960 74/391/960 250/154/960
f 491/388/961 489/382/961 239/274/961
f 96/7/962 139/516/962 302/400/962
f 227/378/963 230/383/963 231/439/963
f 220/376/964 221/330/964 214/331/965
f 333/17/966 336/107/966 338/441/966
f 365/430/967 337/106/967 366/435/967
f 507/264/968 514/263/968 107/245/968
f 297/399/969 129/398/969 294/43/969
f 6/442/970 7/474/970 8/152/970
f 340/426/971 341/372/971 342/111/971
f 236/444/972 235/462/972 242/275/972
f 529/12/973 525/11/973 453/75/973
f 448/356/974 378/501/974 47/446/974
f 301/225/975 135/224/975 298/403/975
f 276/410/976 274/394/976 275/34/976
f 261/73/977 255/72/977 249/405/977
f 425/447/978 426/297/978 427/128/978
f 439/185/979 440/184/979 303/120/979
f 504/449/980 499/412/980 455/6/980
f 32/408/981 177/407/981 105/451/981
f 29/452/982 28/113/982 487/115/982
f 245/67/983 233/440/983 498/454/983
f 277/36/984 472/35/984 463/413/984
f 428/448/985 6/442/985 5/443/985
f 122/8/986 120/515/987 117/328/986
f 396/456/988 395/265/988 397/457/988
f 228/251/989 346/250/989 229/429/989
f 363/459/990 353/465/990 354/295/990
f 499/412/991 27/504/991 510/461/991
f 313/409/992 312/102/992 344/112/992
f 409/194/993 406/193/993 398/458/993
f 70/304/994 234/380/994 235/462/994
f 43/283/995 448/356/995 515/355/995
f 78/309/996 77/62/996 83/316/996
f 319/266/997 442/479/997 321/272/997
f 355/53/998 218/52/998 162/174/998
f 296/138/999 438/137/999 441/240/1000
f 353/465/1001 355/53/1001 161/464/1001
f 338/441/1002 459/353/1002 392/39/1002
f 98/368/1003 99/367/1004 100/466/1003
f 451/467/1005 479/520/1005 465/468/1005
f 327/56/1006 458/352/1006 459/353/1006
f 431/270/1007 430/432/1007 425/447/1007
f 135/224/1008 131/87/1008 130/229/1008
f 392/39/1009 390/38/1009 334/146/1009
f 100/466/1010 126/156/1010 128/469/1011
f 276/410/1012 277/36/1012 309/455/1012
f 403/122/1013 399/237/1013 401/134/1013
f 398/458/1014 408/132/1014 401/134/1014
f 285/192/1015 93/234/1015 293/470/1015
f 66/303/1016 140/332/1017 79/310/1016
f 41/471/1018 42/282/1018 40/10/1018
f 412/124/1019 413/512/1019 414/472/1019
f 459/353/1020 518/3/1020 519/37/1020
f 5/443/1021 8/152/1021 520/151/1021
f 213/375/1022 211/374/1022 205/373/1022
f 235/462/1023 234/380/1023 238/404/1023
f 423/473/1024 424/30/1024 7/474/1024
f 72/178/1025 268/209/1025 266/211/1025
f 489/382/1026 497/381/1026 240/475/1026
f 132/158/1027 129/398/1027 128/469/1027
f 207/200/1028 203/199/1028 205/373/1028
f 105/451/1029 34/181/1029 522/350/1029
f 485/450/1030 495/5/1030 343/110/1030
f 129/398/1031 132/158/1031 133/339/1031
f 22/235/1032 415/236/1032 394/197/1032
f 2/105/1033 457/104/1033 326/55/1033
f 30/477/1034 509/78/1034 12/80/1034
f 17/202/1035 18/490/1035 19/22/1035
f 435/143/1036 425/447/1036 428/448/1036
f 421/127/1037 419/527/1037 418/226/1037
f 527/23/1038 528/491/1038 451/467/1038
f 304/160/1039 207/200/1039 206/31/1039
f 313/409/1040 308/290/1040 310/292/1040
f 367/433/1041 360/33/1041 359/207/1041
f 319/266/1042 292/482/1042 433/175/1042
f 381/480/1043 482/162/1043 469/164/1043
f 292/482/1044 293/470/1044 290/384/1044
f 363/459/1045 352/424/1045 229/429/1045
f 531/142/1046 441/240/1046 438/137/1046
f 466/346/1047 445/238/1047 444/484/1047
f 227/378/1048 224/377/1048 225/241/1048
f 409/194/1049 397/457/1049 415/236/1049
f 419/527/1050 421/127/1050 422/129/1050
f 282/187/1051 314/186/1052 472/35/1051
f 379/487/1053 464/519/1053 477/488/1053
f 17/202/1054 373/195/1054 372/117/1054
f 18/490/1055 39/201/1055 528/491/1055
f 59/131/1056 178/189/1056 110/169/1056
f 181/188/1057 190/360/1057 196/363/1057
f 48/493/1058 22/235/1058 21/217/1058
f 364/495/1059 329/431/1059 365/430/1059
f 115/182/1060 116/46/1060 117/328/1060
f 467/273/1061 529/12/1061 532/496/1061
f 406/193/1062 407/227/1062 408/132/1062
f 30/477/1063 33/262/1063 507/264/1063
f 214/331/1064 215/219/1064 211/374/1064
f 274/394/1065 252/397/1065 250/154/1065
f 73/20/1066 471/155/1067 74/391/1067
f 358/206/1068 216/208/1068 217/41/1068
f 31/497/1069 32/408/1069 33/262/1069
f 175/498/1070 247/530/1070 230/383/1070
f 10/232/1071 11/231/1071 12/80/1071
f 374/347/1072 372/117/1072 373/195/1072
f 346/250/1073 345/279/1073 324/483/1073
f 43/283/1074 42/282/1074 378/501/1074
f 424/30/1075 416/29/1075 48/493/1075
f 226/66/1076 258/68/1076 259/306/1076
f 440/184/1077 434/177/1077 291/121/1077
f 34/181/1078 13/180/1078 503/502/1078
f 338/441/1079 336/107/1079 328/54/1079
f 365/430/1080 357/434/1080 358/206/1080
f 124/88/1081 113/95/1081 108/321/1081
f 165/77/1082 259/306/1082 265/308/1082
f 364/495/1083 353/465/1083 363/459/1083
f 504/449/1084 28/113/1084 27/504/1084
f 463/413/1085 314/186/1085 316/411/1085
f 450/84/1086 451/467/1086 316/411/1086
f 514/263/1087 522/350/1087 106/244/1087
f 100/466/1088 125/228/1088 112/86/1088
f 132/158/1089 127/157/1090 204/460/1089
f 434/177/1091 432/176/1091 290/384/1091
f 482/162/1092 381/480/1092 382/489/1092
f 279/396/1093 253/98/1093 248/100/1093
f 460/505/1094 461/230/1094 10/232/1094
f 16/253/1095 502/269/1095 503/502/1095
f 234/380/1096 69/149/1096 237/99/1096
f 423/473/1097 6/442/1097 428/448/1097
f 164/40/1098 223/247/1098 224/377/1098
f 369/506/1099 368/406/1099 32/408/1099
f 41/471/1100 473/116/1100 480/118/1100
f 495/5/1101 483/417/1101 339/416/1101
f 191/364/1102 182/64/1103 179/508/1103
f 321/272/1104 315/125/1104 283/126/1104
f 486/453/1105 487/115/1105 45/48/1105
f 283/126/1106 280/57/1107 272/357/1106
f 385/288/1108 482/162/1108 477/488/1108
f 441/240/1109 439/185/1109 300/401/1109
f 320/463/1110 283/126/1110 281/135/1110
f 173/14/1111 171/246/1111 222/248/1111
f 177/407/1112 35/179/1112 34/181/1112
f 26/513/1113 27/504/1113 28/113/1113
f 511/492/1114 449/438/1114 446/101/1114
f 322/259/1115 325/258/1115 3/476/1115
f 76/315/1116 86/314/1117 94/233/1117
f 326/55/1118 457/104/1118 458/352/1118
f 423/473/1119 421/127/1119 420/28/1119
f 386/436/1120 385/288/1120 413/512/1120
f 476/153/1121 471/155/1121 271/19/1121
f 407/227/1122 404/294/1122 405/260/1122
f 329/431/1123 323/257/1123 322/259/1123
f 516/49/1124 446/101/1124 447/74/1124
f 166/503/1125 160/296/1125 159/173/1125
f 7/474/1126 48/493/1126 49/494/1126
f 447/74/1127 312/102/1127 310/292/1127
f 503/502/1128 502/269/1128 438/137/1128
f 464/519/1129 414/472/1129 413/512/1129
f 92/317/1130 288/385/1131 93/234/1130
f 457/104/1132 500/510/1132 501/1/1132
f 219/42/1133 222/248/1134 223/247/1133
f 532/496/1135 452/414/1135 479/520/1135
f 400/239/1136 375/500/1136 395/265/1136
f 485/450/1137 449/438/1137 533/114/1137
f 394/197/1138 395/265/1138 375/500/1138
f 372/117/1139 374/347/1139 481/521/1139
f 223/247/1140 170/92/1140 225/241/1140
f 278/371/1141 261/73/1141 253/98/1141
f 464/519/1142 468/485/1142 444/484/1142
f 219/42/1143 217/41/1143 215/219/1143
f 67/305/1144 152/342/1144 63/390/1144
f 171/246/1145 173/14/1145 172/349/1145
f 189/358/1146 180/190/1146 58/130/1146
f 121/47/1147 137/183/1147 139/516/1147
f 49/494/1148 21/217/1148 517/218/1148
f 380/522/1149 468/485/1149 464/519/1149
f 445/238/1150 374/347/1150 375/500/1150
f 500/510/1151 23/509/1151 25/284/1151
f 414/472/1152 444/484/1152 399/237/1152
f 188/354/1153 184/324/1154 187/518/1154
f 480/118/1155 481/521/1155 51/523/1155
f 484/249/1156 490/428/1156 340/426/1156
f 190/360/1157 181/188/1157 180/190/1158
f 387/524/1159 466/346/1159 468/485/1159
f 487/115/1160 533/114/1160 511/492/1160
f 430/432/1161 429/486/1161 426/297/1161
f 410/123/1162 370/261/1162 371/525/1162
f 387/524/1163 51/523/1163 481/521/1163
f 44/511/1164 45/48/1164 46/50/1164
f 306/161/1165 304/160/1165 305/145/1165
f 65/302/1166 84/312/1167 83/316/1167
f 517/218/1168 526/24/1168 443/85/1168
f 508/526/1169 510/461/1169 27/504/1169
f 512/141/1170 524/140/1170 434/177/1170
f 289/119/1171 291/121/1171 288/385/1171
f 400/239/1172 396/456/1172 401/134/1172
f 298/403/1173 130/229/1173 297/399/1173
f 436/139/1174 512/141/1174 513/144/1174
f 362/427/1175 490/428/1176 493/222/1177
f 530/150/1178 517/218/1178 442/479/1178
f 179/508/1179 182/64/1179 183/528/1180
f 37/2/1181 36/255/1181 10/232/1181
f 364/495/1182 356/51/1182 355/53/1182
f 228/251/1183 156/343/1183 490/428/1183
f 391/281/1184 393/280/1184 306/161/1184
f 31/497/1185 30/477/1185 11/231/1185
f 257/386/1186 243/276/1186 242/275/1186
f 174/348/1187 175/498/1187 246/242/1187
f 192/361/1188 193/13/1189 198/15/1188
f 184/324/1190 56/26/1190 57/335/1190
f 301/225/1191 139/516/1191 137/183/1191
f 518/3/1192 37/2/1192 9/499/1192
f 309/455/1193 463/413/1193 465/468/1193
f 337/106/1194 336/107/1194 332/415/1194
f 1/109/1195 2/105/1195 3/476/1195
f 318/191/1196 293/470/1196 292/482/1196
f 479/520/1197 452/414/1197 311/291/1197
f 203/199/1198 202/369/1199 201/370/1200
f 273/392/1201 62/299/1202 61/301/1202
f 204/460/1203 127/157/1204 202/369/1205
f 199/366/1206 98/368/1207 183/528/1207
f 153/340/1208 150/337/1208 141/338/1209
f 1000/499/1210 1034/79/1210 1033/37/1210
f 1000/499/1211 1001/80/1211 1034/79/1211
l 388 389
l 3 536
l 4 537
l 5 538
l 6 539
l 7 540
l 8 541
l 13 542
l 14 543
l 15 544
l 16 545
l 17 546
l 18 547
l 19 548
l 20 549
l 21 550
l 22 551
l 25 552
l 28 553
l 34 554
l 38 555
l 39 556
l 40 557
l 43 558
l 45 559
l 46 560
l 48 561
l 49 562
l 52 563
l 53 564
l 54 565
l 55 566
l 56 567
l 57 568
l 58 569
l 59 570
l 60 571
l 61 572
l 62 573
l 63 574
l 64 575
l 65 576
l 66 577
l 67 578
l 68 579
l 69 580
l 70 581
l 71 582
l 72 583
l 73 584
l 74 585
l 75 586
l 76 587
l 77 588
l 78 589
l 79 590
l 80 591
l 81 592
l 82 593
l 83 594
l 84 595
l 85 596
l 86 597
l 87 598
l 88 599
l 89 600
l 90 601
l 91 602
l 92 603
l 93 604
l 94 605
l 95 606
l 96 607
l 97 608
l 98 609
l 99 610
l 100 611
l 101 612
l 102 613
l 103 614
l 104 615
l 106 616
l 107 617
l 108 618
l 109 619
l 110 620
l 111 621
l 112 622
l 113 623
l 114 624
l 115 625
l 116 626
l 117 627
l 118 628
l 119 629
l 120 630
l 121 631
l 122 632
l 123 633
l 124 634
l 125 635
l 126 636
l 127 637
l 128 638
l 129 639
l 130 640
l 131 641
l 132 642
l 133 643
l 134 644
l 135 645
l 136 646
l 137 647
l 138 648
l 139 649
l 140 650
l 141 651
l 142 652
l 143 653
l 144 654
l 145 655
l 146 656
l 147 657
l 148 658
l 149 659
l 150 660
l 151 661
l 152 662
l 153 663
l 154 664
l 155 665
l 156 666
l 157 667
l 158 668
l 159 669
l 160 670
l 161 671
l 162 672
l 163 673
l 164 674
l 165 675
l 166 676
l 167 677
l 168 678
l 169 679
l 170 680
l 171 681
l 172 682
l 173 683
l 174 684
l 175 685
l 176 686
l 178 687
l 179 688
l 180 689
l 181 690
l 182 691
l 183 692
l 184 693
l 185 694
l 186 695
l 187 696
l 188 697
l 189 698
l 190 699
l 191 700
l 192 701
l 193 702
l 194 703
l 195 704
l 196 705
l 197 706
l 198 707
l 199 708
l 200 709
l 201 710
l 202 711
l 203 712
l 204 713
l 205 714
l 206 715
l 207 716
l 208 717
l 209 718
l 210 719
l 211 720
l 212 721
l 213 722
l 214 723
l 215 724
l 216 725
l 217 726
l 218 727
l 219 728
l 220 729
l 221 730
l 222 731
l 223 732
l 224 733
l 225 734
l 226 735
l 227 736
l 228 737
l 229 738
l 230 739
l 231 740
l 232 741
l 233 742
l 234 743
l 235 744
l 236 745
l 237 746
l 238 747
l 239 748
l 240 749
l 241 750
l 242 751
l 243 752
l 244 753
l 245 754
l 246 755
l 247 756
l 248 757
l 249 758
l 250 759
l 251 760
l 252 761
l 253 762
l 254 763
l 255 764
l 256 765
l 257 766
l 258 767
l 259 768
l 260 769
l 261 770
l 262 771
l 263 772
l 264 773
l 265 774
l 266 775
l 267 776
l 268 777
l 269 778
l 270 779
l 271 780
l 272 781
l 273 782
l 274 783
l 275 784
l 276 785
l 277 786
l 278 787
l 279 788
l 280 789
l 281 790
l 282 791
l 283 792
l 284 793
l 285 794
l 286 795
l 287 796
l 288 797
l 289 798
l 290 799
l 291 800
l 292 801
l 293 802
l 294 803
l 295 804
l 296 805
l 297 806
l 298 807
l 299 808
l 300 809
l 301 810
l 302 811
l 303 812
l 304 813
l 305 814
l 306 815
l 307 816
l 308 817
l 309 818
l 310 819
l 311 820
l 312 821
l 313 822
l 314 823
l 315 824
l 316 825
l 317 826
l 318 827
l 319 828
l 320 829
l 321 830
l 322 831
l 323 832
l 324 833
l 325 834
l 326 835
l 327 836
l 328 837
l 329 838
l 330 839
l 331 840
l 332 841
l 333 842
l 334 843
l 335 844
l 336 845
l 337 846
l 338 847
l 339 848
l 340 849
l 341 850
l 342 851
l 343 852
l 344 853
l 345 854
l 346 855
l 347 856
l 348 857
l 349 858
l 350 859
l 351 860
l 352 861
l 353 862
l 354 863
l 355 864
l 356 865
l 357 866
l 358 867
l 359 868
l 360 869
l 361 870
l 362 871
l 363 872
l 364 873
l 365 874
l 366 875
l 367 876
l 372 877
l 373 878
l 374 879
l 375 880
l 385 881
l 390 882
l 391 883
l 392 884
l 393 885
l 394 886
l 395 887
l 396 888
l 397 889
l 398 890
l 399 891
l 400 892
l 401 893
l 402 894
l 403 895
l 406 896
l 408 897
l 409 898
l 412 899
l 413 900
l 414 901
l 415 902
l 416 903
l 420 904
l 423 905
l 424 906
l 425 907
l 427 908
l 428 909
l 430 910
l 431 911
l 432 912
l 433 913
l 434 914
l 435 915
l 436 916
l 437 917
l 438 918
l 439 919
l 440 920
l 441 921
l 442 922
l 443 923
l 444 924
l 445 925
l 446 926
l 447 927
l 448 928
l 449 929
l 450 930
l 451 931
l 452 932
l 453 933
l 455 934
l 457 935
l 458 936
l 459 937
l 463 938
l 464 939
l 465 940
l 466 941
l 467 942
l 468 943
l 470 944
l 471 945
l 472 946
l 473 947
l 475 948
l 476 949
l 477 950
l 478 951
l 479 952
l 480 953
l 481 954
l 482 955
l 483 956
l 484 957
l 485 958
l 487 959
l 488 960
l 489 961
l 490 962
l 491 963
l 492 964
l 493 965
l 494 966
l 495 967
l 496 968
l 497 969
l 498 970
l 501 971
l 502 972
l 503 973
l 504 974
l 507 975
l 509 976
l 511 977
l 512 978
l 513 979
l 514 980
l 515 981
l 516 982
l 517 983
l 518 984
l 520 985
l 522 986
l 524 987
l 525 988
l 526 989
l 527 990
l 528 991
l 529 992
l 530 993
l 531 994
l 532 995
l 533 996
l 535 997
l 1006 1015
l 1023 1024
l 1023 1025
l 1019 1020
l 1002 1003
l 1002 1004
l 1010 1013
l 1000 1009
l 1003 1031
l 1024 1026
l 1007 1016
l 1011 1012
l 1029 1031
l 1011 1030
l 1004 1030
l 1017 1018
l 1017 1020
l 1015 1016
l 1001 1005
l 1008 1009
l 998 1029
l 1018 1022
l 1005 1006
l 998 999
l 1013 1014
l 1026 1027
l 1014 1022
